disease_name,disease_name_clean,vector_species,vector_species_clean,vector_group,vector_group_clean,best_evidence_level,best_evidence_basis,record_sources,source_count,supporting_row_count,locations_summary,sources_summary,notes_summary,has_lit_review,has_efsa,vector_species_rule_cleaned,taxonomy_cleanup_method,vector_species_original,vector_species_taxonomy_cleaned,vector_taxon_rank,review_needed,review_note,vector_join_key
Chikungunya fever,chikungunya fever,Aedes fulgens,aedes fulgens,mosquito,mosquito,candidate,review,lit_review,1,1,,"(Higgs and Vanlandingham, 2015)",lab competence,TRUE,FALSE,aedes fulgens,no_change,Aedes fulgens,aedes fulgens,species,FALSE,,aedes fulgens
Chikungunya fever,chikungunya fever,Aedes furcifer,aedes furcifer,mosquito,mosquito,candidate,review,lit_review,1,1,,"(Higgs and Vanlandingham, 2015)",lab competence,TRUE,FALSE,aedes furcifer,no_change,Aedes furcifer,aedes furcifer,species,FALSE,,aedes furcifer
Chikungunya fever,chikungunya fever,Aedes furcifer-taylori,aedes furcifer taylori,mosquito,mosquito,probable,review,lit_review,1,1,Africa,"(Higgs and Vanlandingham, 2015)",sylvatic cycle,TRUE,FALSE,aedes furcifer taylori,no_change,Aedes furcifer-taylori,aedes furcifer taylori,infraspecific,FALSE,,aedes furcifer taylori
Chikungunya fever,chikungunya fever,Aedes hensilli,aedes hensilli,mosquito,mosquito,probable,review,lit_review,1,2,"Yap Island, Federated States of Micronesia","(Higgs and Vanlandingham, 2015); (Ledermann et al., 2014)",lab susceptible; outbreak-associated; limited evidence,TRUE,FALSE,aedes hensilli,no_change,Aedes hensilli,aedes hensilli,species,FALSE,,aedes hensilli
Chikungunya fever,chikungunya fever,Aedes luteocephalus,aedes luteocephalus,mosquito,mosquito,probable,review,lit_review,1,1,Africa,"(Higgs and Vanlandingham, 2015)",sylvatic cycle,TRUE,FALSE,aedes luteocephalus,no_change,Aedes luteocephalus,aedes luteocephalus,species,FALSE,,aedes luteocephalus
Chikungunya fever,chikungunya fever,Aedes togoi,aedes togoi,mosquito,mosquito,candidate,review,lit_review,1,1,,"(Higgs and Vanlandingham, 2015)",lab competence,TRUE,FALSE,aedes togoi,no_change,Aedes togoi,aedes togoi,species,FALSE,,aedes togoi
Chikungunya fever,chikungunya fever,Eretmapodites chrysogaster,eretmapodites chrysogaster,mosquito,mosquito,candidate,review,lit_review,1,1,,"(Higgs and Vanlandingham, 2015)",lab competence,TRUE,FALSE,eretmapodites chrysogaster,no_change,Eretmapodites chrysogaster,eretmapodites chrysogaster,species,FALSE,,eretmapodites chrysogaster
Chikungunya fever,chikungunya fever,Opifex fuscus,opifex fuscus,mosquito,mosquito,candidate,review,lit_review,1,1,,"(Higgs and Vanlandingham, 2015)",lab competence,TRUE,FALSE,opifex fuscus,no_change,Opifex fuscus,opifex fuscus,species,FALSE,,opifex fuscus
Crimean-Congo hemorrhagic fever,crimean congo hemorrhagic fever,Haemaphysalis inermis,haemaphysalis inermis,tick,tick,candidate,review,lit_review,1,2,Iran,Celina et al. 2025; Shahhosseini et al. 2021,potential vector,TRUE,FALSE,haemaphysalis inermis,no_change,Haemaphysalis inermis,haemaphysalis inermis,species,FALSE,,haemaphysalis inermis
Crimean-Congo hemorrhagic fever,crimean congo hemorrhagic fever,Hyalomma asiaticum,hyalomma asiaticum,tick,tick,confirmed,review,EFSA; lit_review,2,5,Asia; global; not specified,Celina et al. 2025; de la Fuente et al. 2024; EFSA Appendix G; Parvage et al. 2025; Shahhosseini et al. 2021,confirmed vector; efsa_pathogen=Crimean-Congo haemorrhagic fever virus; match_confidence=exact; match_method=exact_disease; high-capacity species; principal vector,TRUE,TRUE,hyalomma asiaticum,no_change,Hyalomma asiaticum,hyalomma asiaticum,species,FALSE,,hyalomma asiaticum
Crimean-Congo hemorrhagic fever,crimean congo hemorrhagic fever,Hyalomma asiaticum kozlovi,hyalomma asiaticum kozlovi,tick,tick,confirmed,review,lit_review,1,1,,Celina et al. 2025,confirmed vector,TRUE,FALSE,hyalomma asiaticum kozlovi,no_change,Hyalomma asiaticum kozlovi,hyalomma asiaticum kozlovi,infraspecific,FALSE,,hyalomma asiaticum kozlovi
Crimean-Congo hemorrhagic fever,crimean congo hemorrhagic fever,Hyalomma detritum,hyalomma detritum,tick,tick,confirmed,review,lit_review,1,2,Middle East; Africa,Celina et al. 2025; Shahhosseini et al. 2021,confirmed vector,TRUE,FALSE,hyalomma detritum,no_change,Hyalomma detritum,hyalomma detritum,species,FALSE,,hyalomma detritum
Crimean-Congo hemorrhagic fever,crimean congo hemorrhagic fever,Hyalomma nitidum,hyalomma nitidum,tick,tick,probable,review,lit_review,1,2,Central Africa; global,Parvage et al. 2025; Shahhosseini et al. 2021,,TRUE,FALSE,hyalomma nitidum,no_change,Hyalomma nitidum,hyalomma nitidum,species,FALSE,,hyalomma nitidum
Crimean-Congo hemorrhagic fever,crimean congo hemorrhagic fever,Hyalomma onatoli,hyalomma onatoli,tick,tick,candidate,review,lit_review,1,1,Arab world,Perveen and Khan 2022,,TRUE,FALSE,hyalomma onatoli,no_change,Hyalomma onatoli,hyalomma onatoli,species,TRUE,Likely spelling or taxonomy issue; manual decision needed.,hyalomma onatoli
Crimean-Congo hemorrhagic fever,crimean congo hemorrhagic fever,Hyalomma schulzei,hyalomma schulzei,tick,tick,confirmed,review,lit_review,1,4,Arab world; Arabia peninsula; global,Celina et al. 2025; Parvage et al. 2025; Perveen and Khan 2022; Shahhosseini et al. 2021,confirmed vector,TRUE,FALSE,hyalomma schulzei,no_change,Hyalomma schulzei,hyalomma schulzei,species,FALSE,,hyalomma schulzei
Crimean-Congo hemorrhagic fever,crimean congo hemorrhagic fever,Hyalomma spp.,hyalomma spp,tick,tick,confirmed,review,lit_review,1,4,Africa/Asia/Southern Europe,de la Fuente et al. 2017; Hewson 2024; Spengler et al. 2016,genus-level only; natural vector; principal vector,TRUE,FALSE,hyalomma spp,no_change,Hyalomma spp.,hyalomma spp,genus_only,FALSE,,hyalomma spp
Crimean-Congo hemorrhagic fever,crimean congo hemorrhagic fever,Ornithodoros lahorensis,ornithodoros lahorensis,tick,tick,candidate,review,lit_review,1,1,Iran,Shahhosseini et al. 2021,,TRUE,FALSE,ornithodoros lahorensis,no_change,Ornithodoros lahorensis,ornithodoros lahorensis,species,FALSE,,ornithodoros lahorensis
Crimean-Congo hemorrhagic fever,crimean congo hemorrhagic fever,Rhipicephalus (Boophilus) annulatus,rhipicephalus boophilus annulatus,tick,tick,candidate,review,lit_review,1,1,,Celina et al. 2025,potential vector,TRUE,FALSE,rhipicephalus boophilus annulatus,no_change,Rhipicephalus (Boophilus) annulatus,rhipicephalus boophilus annulatus,infraspecific,FALSE,,rhipicephalus boophilus annulatus
Crimean-Congo hemorrhagic fever,crimean congo hemorrhagic fever,Rhipicephalus (Boophilus) decoloratus,rhipicephalus boophilus decoloratus,tick,tick,candidate,review,lit_review,1,1,,Celina et al. 2025,potential vector,TRUE,FALSE,rhipicephalus boophilus decoloratus,no_change,Rhipicephalus (Boophilus) decoloratus,rhipicephalus boophilus decoloratus,infraspecific,FALSE,,rhipicephalus boophilus decoloratus
Crimean-Congo hemorrhagic fever,crimean congo hemorrhagic fever,Rhipicephalus evertsi evertsi,rhipicephalus evertsi evertsi,tick,tick,candidate,review,lit_review,1,2,Mauritania,Celina et al. 2025; Spengler et al. 2016,PCR only; potential vector,TRUE,FALSE,rhipicephalus evertsi evertsi,no_change,Rhipicephalus evertsi evertsi,rhipicephalus evertsi evertsi,infraspecific,FALSE,,rhipicephalus evertsi evertsi
Crimean-Congo hemorrhagic fever,crimean congo hemorrhagic fever,Rhipicephalus pumilio,rhipicephalus pumilio,tick,tick,candidate,review,lit_review,1,1,,EFSA 2010,associated with CCHFV,TRUE,FALSE,rhipicephalus pumilio,no_change,Rhipicephalus pumilio,rhipicephalus pumilio,species,FALSE,,rhipicephalus pumilio
Crimean-Congo hemorrhagic fever,crimean congo hemorrhagic fever,Rhipicephalus spp.,rhipicephalus spp,tick,tick,candidate,review,lit_review,1,1,,Spengler et al. 2016,isolated from ticks,TRUE,FALSE,rhipicephalus spp,no_change,Rhipicephalus spp.,rhipicephalus spp,genus_only,FALSE,,rhipicephalus spp
Dengue,dengue,Aedes cretinus,aedes cretinus,mosquito,mosquito,candidate,review,lit_review,1,1,Greece and Turkey,Schaffner and Mathis 2014,potential vector,TRUE,FALSE,aedes cretinus,no_change,Aedes cretinus,aedes cretinus,species,FALSE,,aedes cretinus
Dengue,dengue,Aedes furcifer,aedes furcifer,mosquito,mosquito,confirmed,review,lit_review,1,1,Senegal,Althouse et al. 2012,main vector in Senegal,TRUE,FALSE,aedes furcifer,no_change,Aedes furcifer,aedes furcifer,species,FALSE,,aedes furcifer
Dengue,dengue,Aedes hensilli,aedes hensilli,mosquito,mosquito,weak,field+lab,lit_review,1,1,"Yap State, Federated States of Micronesia","(Ledermann et al., 2014)",low competence; debated,TRUE,FALSE,aedes hensilli,no_change,Aedes hensilli,aedes hensilli,species,FALSE,,aedes hensilli
Dengue,dengue,Aedes luteocephalus,aedes luteocephalus,mosquito,mosquito,confirmed,review,lit_review,1,1,Senegal,Althouse et al. 2012,main vector in Senegal,TRUE,FALSE,aedes luteocephalus,no_change,Aedes luteocephalus,aedes luteocephalus,species,FALSE,,aedes luteocephalus
Dengue,dengue,Aedes malayensis,aedes malayensis,mosquito,mosquito,confirmed,review,lit_review,1,2,Cambodia,Doeurk et al. 2024; Rakotonirina et al. 2022,potential vector; vector of DENV and CHIKV,TRUE,FALSE,aedes malayensis,no_change,Aedes malayensis,aedes malayensis,species,FALSE,,aedes malayensis
Dengue,dengue,Aedes niveus,aedes niveus,mosquito,mosquito,probable,review,lit_review,1,1,,Islam et al. 2021,secondary vector,TRUE,FALSE,aedes niveus,no_change,Aedes niveus,aedes niveus,species,FALSE,,aedes niveus
Dengue,dengue,Aedes polynesiensis,aedes polynesiensis,mosquito,mosquito,confirmed,review,lit_review,1,4,American Samoa; Pacific region; South Pacific Islands,"(Barrera, 2025); Barrera 2025; Islam et al. 2021; Rakotonirina et al. 2022",main vector; regional vector; secondary vector; transmits dengue,TRUE,FALSE,aedes polynesiensis,no_change,Aedes polynesiensis,aedes polynesiensis,species,FALSE,,aedes polynesiensis
Dengue,dengue,Aedes pseudoscutellaris,aedes pseudoscutellaris,mosquito,mosquito,candidate,review,lit_review,1,1,Pacific region,Rakotonirina et al. 2022,highly suspected,TRUE,FALSE,aedes pseudoscutellaris,no_change,Aedes pseudoscutellaris,aedes pseudoscutellaris,species,FALSE,,aedes pseudoscutellaris
Dengue,dengue,Aedes scutellaris,aedes scutellaris,mosquito,mosquito,candidate,review,lit_review,1,2,Cambodia; Pacific region,Doeurk et al. 2024; Rakotonirina et al. 2022,highly suspected; potential vector,TRUE,FALSE,aedes scutellaris,no_change,Aedes scutellaris,aedes scutellaris,species,FALSE,,aedes scutellaris
Oropouche fever,oropouche fever,Culicoides,culicoides,midge,midge,candidate,review,lit_review,1,1,,Sakkas et al. 2018,genus-level sylvatic vector,TRUE,FALSE,culicoides,no_change,Culicoides,culicoides,genus_only,FALSE,,culicoides
Oropouche fever,oropouche fever,Culicoides insignis,culicoides insignis,midge,midge,candidate,review,lit_review,1,1,Peru,Ayres et al. 2026,possible new vector,TRUE,FALSE,culicoides insignis,no_change,Culicoides insignis,culicoides insignis,species,FALSE,,culicoides insignis
Oropouche fever,oropouche fever,Culicoides paraensis,culicoides paraensis,midge,midge,confirmed,review,lit_review,1,7,Brazil,Ayres et al. 2026; Gallichotte et al. 2025; González et al. 2025; Romero-Alvarez and Escobar 2018; Sakkas et al. 2018; Sciancalepore et al. 2022,main vector; primary urban vector; primary vector; principal urban vector; principal vector,TRUE,FALSE,culicoides paraensis,no_change,Culicoides paraensis,culicoides paraensis,species,FALSE,,culicoides paraensis
Oropouche fever,oropouche fever,Culicoides sonorensis,culicoides sonorensis,midge,midge,probable,review,lit_review,1,2,North America,Ayres et al. 2026; Gallichotte et al. 2025,high competence; lab competence,TRUE,FALSE,culicoides sonorensis,no_change,Culicoides sonorensis,culicoides sonorensis,species,FALSE,,culicoides sonorensis
Oropouche fever,oropouche fever,Ochlerotatus serratus,ochlerotatus serratus,mosquito,mosquito,candidate,review,lit_review,1,1,Brazil,Sciancalepore et al. 2022,listed mosquito vector,TRUE,FALSE,ochlerotatus serratus,no_change,Ochlerotatus serratus,ochlerotatus serratus,species,FALSE,,ochlerotatus serratus
Plague,plague,Aetheca wagneri,aetheca wagneri,flea,flea,confirmed,review,lit_review,1,1,North America,Eisen et al. 2009 Table 1,experimentally confirmed,TRUE,FALSE,aetheca wagneri,no_change,Aetheca wagneri,aetheca wagneri,species,FALSE,,aetheca wagneri
Plague,plague,Citellophilus tesquorum,citellophilus tesquorum,flea,flea,probable,review,lit_review,1,1,,Gage and Kosoy 2005,blocking and transmission studies,TRUE,FALSE,citellophilus tesquorum,no_change,Citellophilus tesquorum,citellophilus tesquorum,species,FALSE,,citellophilus tesquorum
Plague,plague,Citellophilus tesquorum altaicus,citellophilus tesquorum altaicus,flea,flea,confirmed,review,lit_review,1,2,southern Siberia,Ben Ari et al. 2011; Gage and Kosoy 2005,important vector; winter maintenance in hibernating rodents,TRUE,FALSE,citellophilus tesquorum altaicus,no_change,Citellophilus tesquorum altaicus,citellophilus tesquorum altaicus,infraspecific,FALSE,,citellophilus tesquorum altaicus
Plague,plague,Echidnophaga gallinaceus,echidnophaga gallinaceus,flea,flea,confirmed,review,lit_review,1,1,North America,Eisen et al. 2009 Table 1,experimentally confirmed,TRUE,FALSE,echidnophaga gallinaceus,no_change,Echidnophaga gallinaceus,echidnophaga gallinaceus,species,FALSE,,echidnophaga gallinaceus
Plague,plague,Epitedia eumolpi,epitedia eumolpi,flea,flea,confirmed,review,lit_review,1,1,North America,Eisen et al. 2009 Table 1,experimentally confirmed,TRUE,FALSE,epitedia eumolpi,no_change,Epitedia eumolpi,epitedia eumolpi,species,FALSE,,epitedia eumolpi
Plague,plague,Epitedia wenmanni,epitedia wenmanni,flea,flea,confirmed,review,lit_review,1,1,North America,Eisen et al. 2009 Table 1,experimentally confirmed,TRUE,FALSE,epitedia wenmanni,no_change,Epitedia wenmanni,epitedia wenmanni,species,FALSE,,epitedia wenmanni
Plague,plague,Hoplopsyllus anomalus,hoplopsyllus anomalus,flea,flea,confirmed,review,lit_review,1,1,North America,Eisen et al. 2009 Table 1,experimentally confirmed,TRUE,FALSE,hoplopsyllus anomalus,no_change,Hoplopsyllus anomalus,hoplopsyllus anomalus,species,FALSE,,hoplopsyllus anomalus
Plague,plague,Hystrichopsylla linsdalei,hystrichopsylla linsdalei,flea,flea,confirmed,review,lit_review,1,2,North America,Eisen et al. 2009 Table 1; Gage and Kosoy 2005,experimentally confirmed; important in enzootic transmission,TRUE,FALSE,hystrichopsylla linsdalei,no_change,Hystrichopsylla linsdalei,hystrichopsylla linsdalei,species,FALSE,,hystrichopsylla linsdalei
Plague,plague,Malaraeus telchinum,malaraeus telchinum,flea,flea,confirmed,review,lit_review,1,2,North America,Eisen et al. 2009 Table 1; Gage and Kosoy 2005,experimentally confirmed; mechanical transmission,TRUE,FALSE,malaraeus telchinum,no_change,Malaraeus telchinum,malaraeus telchinum,species,FALSE,,malaraeus telchinum
Plague,plague,Neopsylla setosa,neopsylla setosa,flea,flea,probable,review,lit_review,1,1,,Gage and Kosoy 2005,blocking study,TRUE,FALSE,neopsylla setosa,no_change,Neopsylla setosa,neopsylla setosa,species,FALSE,,neopsylla setosa
Plague,plague,Nosopsyllus fasciatus,nosopsyllus fasciatus,flea,flea,confirmed,review,lit_review,1,2,North America,Eisen et al. 2009 Table 1; Gage and Kosoy 2005,experimentally confirmed; northern rat flea,TRUE,FALSE,nosopsyllus fasciatus,no_change,Nosopsyllus fasciatus,nosopsyllus fasciatus,species,FALSE,,nosopsyllus fasciatus
Plague,plague,Opisodasys nesiotis,opisodasys nesiotis,flea,flea,confirmed,review,lit_review,1,1,North America,Eisen et al. 2009 Table 1,OCR spelling uncertain,TRUE,FALSE,opisodasys nesiotis,no_change,Opisodasys nesiotis,opisodasys nesiotis,species,FALSE,,opisodasys nesiotis
Plague,plague,Oropsylla idahoensis,oropsylla idahoensis,flea,flea,confirmed,review,lit_review,1,1,North America,Eisen et al. 2009 Table 1,experimentally confirmed,TRUE,FALSE,oropsylla idahoensis,no_change,Oropsylla idahoensis,oropsylla idahoensis,species,FALSE,,oropsylla idahoensis
Plague,plague,Oropsylla labis,oropsylla labis,flea,flea,confirmed,review,lit_review,1,1,North America,Eisen et al. 2009 Table 1,experimentally confirmed,TRUE,FALSE,oropsylla labis,no_change,Oropsylla labis,oropsylla labis,species,FALSE,,oropsylla labis
Plague,plague,Oropsylla tuberculata cynomuris,oropsylla tuberculata cynomuris,flea,flea,confirmed,review,lit_review,1,1,North America,Eisen et al. 2009 Table 1,experimentally confirmed,TRUE,FALSE,oropsylla tuberculata cynomuris,no_change,Oropsylla tuberculata cynomuris,oropsylla tuberculata cynomuris,infraspecific,FALSE,,oropsylla tuberculata cynomuris
Plague,plague,Paradoxopsyllus curvispinus,paradoxopsyllus curvispinus,flea,flea,weak,review,lit_review,1,1,Japan; Southeast Asia,Medvedev et al. 2022,historical claim; debated,TRUE,FALSE,paradoxopsyllus curvispinus,no_change,Paradoxopsyllus curvispinus,paradoxopsyllus curvispinus,species,FALSE,,paradoxopsyllus curvispinus
Plague,plague,Paradoxopsyllus custodis,paradoxopsyllus custodis,flea,flea,candidate,review,lit_review,1,1,"Yunnan, China",Medvedev et al. 2022,limited epizootic mention,TRUE,FALSE,paradoxopsyllus custodis,no_change,Paradoxopsyllus custodis,paradoxopsyllus custodis,species,FALSE,,paradoxopsyllus custodis
Plague,plague,Paradoxopsyllus dashidorzhii,paradoxopsyllus dashidorzhii,flea,flea,confirmed,review,lit_review,1,1,Mongolia; Russia,Medvedev et al. 2022,main vector,TRUE,FALSE,paradoxopsyllus dashidorzhii,no_change,Paradoxopsyllus dashidorzhii,paradoxopsyllus dashidorzhii,species,FALSE,,paradoxopsyllus dashidorzhii
Plague,plague,Paradoxopsyllus hesperius kalabukhovi,paradoxopsyllus hesperius kalabukhovi,flea,flea,confirmed,review,lit_review,1,1,China; Mongolia; Russia,Medvedev et al. 2022,accessory vector,TRUE,FALSE,paradoxopsyllus hesperius kalabukhovi,no_change,Paradoxopsyllus hesperius kalabukhovi,paradoxopsyllus hesperius kalabukhovi,infraspecific,FALSE,,paradoxopsyllus hesperius kalabukhovi
Plague,plague,Paradoxopsyllus repandus,paradoxopsyllus repandus,flea,flea,confirmed,review,lit_review,1,1,Kazakhstan; Turkmenistan,Medvedev et al. 2022,accessory or occasional vector,TRUE,FALSE,paradoxopsyllus repandus,no_change,Paradoxopsyllus repandus,paradoxopsyllus repandus,species,FALSE,,paradoxopsyllus repandus
Plague,plague,Paradoxopsyllus scorodumovi,paradoxopsyllus scorodumovi,flea,flea,confirmed,review,lit_review,1,1,Mongolia; Russia,Medvedev et al. 2022,main vector; occasional in Tuva,TRUE,FALSE,paradoxopsyllus scorodumovi,no_change,Paradoxopsyllus scorodumovi,paradoxopsyllus scorodumovi,species,FALSE,,paradoxopsyllus scorodumovi
Plague,plague,Paradoxopsyllus teretifrons,paradoxopsyllus teretifrons,flea,flea,confirmed,review,lit_review,1,1,Kazakhstan; Turkmenistan,Medvedev et al. 2022,plague vector,TRUE,FALSE,paradoxopsyllus teretifrons,no_change,Paradoxopsyllus teretifrons,paradoxopsyllus teretifrons,species,FALSE,,paradoxopsyllus teretifrons
Plague,plague,Pleochaetis exilis,pleochaetis exilis,flea,flea,confirmed,review,lit_review,1,1,North America,Eisen et al. 2009 Table 1,experimentally confirmed,TRUE,FALSE,pleochaetis exilis,no_change,Pleochaetis exilis,pleochaetis exilis,species,FALSE,,pleochaetis exilis
Plague,plague,Polygenis bohlsi bohlsi,polygenis bohlsi bohlsi,flea,flea,candidate,review,lit_review,1,1,Northeast Brazil,Reis et al. 2021,naturally infected,TRUE,FALSE,polygenis bohlsi bohlsi,no_change,Polygenis bohlsi bohlsi,polygenis bohlsi bohlsi,infraspecific,FALSE,,polygenis bohlsi bohlsi
Plague,plague,Polygenis bohlsi jordani,polygenis bohlsi jordani,flea,flea,confirmed,review,lit_review,1,1,Northeast Brazil,Reis et al. 2021,most effective vector,TRUE,FALSE,polygenis bohlsi jordani,no_change,Polygenis bohlsi jordani,polygenis bohlsi jordani,infraspecific,FALSE,,polygenis bohlsi jordani
Plague,plague,Rhadinopsylla daurica,rhadinopsylla daurica,flea,flea,probable,review,lit_review,1,1,,Gage and Kosoy 2005,block-free transmission,TRUE,FALSE,rhadinopsylla daurica,no_change,Rhadinopsylla daurica,rhadinopsylla daurica,species,FALSE,,rhadinopsylla daurica
Plague,plague,Rhadinopsylla rothschildi,rhadinopsylla rothschildi,flea,flea,probable,review,lit_review,1,1,,Gage and Kosoy 2005,block-free transmission,TRUE,FALSE,rhadinopsylla rothschildi,no_change,Rhadinopsylla rothschildi,rhadinopsylla rothschildi,species,FALSE,,rhadinopsylla rothschildi
Plague,plague,Thrassis acamantis,thrassis acamantis,flea,flea,confirmed,review,lit_review,1,1,North America,Eisen et al. 2009 Table 1,experimentally confirmed,TRUE,FALSE,thrassis acamantis,no_change,Thrassis acamantis,thrassis acamantis,species,FALSE,,thrassis acamantis
Plague,plague,Thrassis arizonensis,thrassis arizonensis,flea,flea,confirmed,review,lit_review,1,1,North America,Eisen et al. 2009 Table 1,experimentally confirmed,TRUE,FALSE,thrassis arizonensis,no_change,Thrassis arizonensis,thrassis arizonensis,species,FALSE,,thrassis arizonensis
Plague,plague,Thrassis fotus,thrassis fotus,flea,flea,confirmed,review,lit_review,1,1,North America,Eisen et al. 2009 Table 1,experimentally confirmed,TRUE,FALSE,thrassis fotus,no_change,Thrassis fotus,thrassis fotus,species,FALSE,,thrassis fotus
Plague,plague,Thrassis francisi,thrassis francisi,flea,flea,confirmed,review,lit_review,1,1,North America,Eisen et al. 2009 Table 1,experimentally confirmed,TRUE,FALSE,thrassis francisi,no_change,Thrassis francisi,thrassis francisi,species,FALSE,,thrassis francisi
Plague,plague,Thrassis pandorae,thrassis pandorae,flea,flea,confirmed,review,lit_review,1,1,North America,Eisen et al. 2009 Table 1,experimentally confirmed,TRUE,FALSE,thrassis pandorae,no_change,Thrassis pandorae,thrassis pandorae,species,FALSE,,thrassis pandorae
Plague,plague,Xenopsylla astia,xenopsylla astia,flea,flea,probable,review,lit_review,1,1,southern Asia,Gage and Kosoy 2005,relatively inefficient transmitter,TRUE,FALSE,xenopsylla astia,no_change,Xenopsylla astia,xenopsylla astia,species,FALSE,,xenopsylla astia
Plague,plague,Xenopsylla brasiliensis,xenopsylla brasiliensis,flea,flea,candidate,review,lit_review,1,1,,Gage and Kosoy 2005,possible exception among common rat fleas,TRUE,FALSE,xenopsylla brasiliensis,no_change,Xenopsylla brasiliensis,xenopsylla brasiliensis,species,FALSE,,xenopsylla brasiliensis
Rift Valley fever,rift valley fever,Aedes (Aedimorphus) dentatus,aedes aedimorphus dentatus,mosquito,mosquito,probable,review,lit_review,1,1,,Pepin et al. 2010,epidemiological importance,TRUE,FALSE,aedes aedimorphus dentatus,no_change,Aedes (Aedimorphus) dentatus,aedes aedimorphus dentatus,infraspecific,FALSE,,aedes aedimorphus dentatus
Rift Valley fever,rift valley fever,Aedes (Aedimorphus) vexans arabiensis,aedes aedimorphus vexans arabiensis,mosquito,mosquito,probable,review,lit_review,1,1,,Pepin et al. 2010,likely maintenance vector,TRUE,FALSE,aedes aedimorphus vexans arabiensis,no_change,Aedes (Aedimorphus) vexans arabiensis,aedes aedimorphus vexans arabiensis,infraspecific,FALSE,,aedes aedimorphus vexans arabiensis
Rift Valley fever,rift valley fever,Aedes calceatus,aedes calceatus,mosquito,mosquito,weak,lab,lit_review,1,1,Kenya,Turell et al. 2008,no bite transmission in this study,TRUE,FALSE,aedes calceatus,no_change,Aedes calceatus,aedes calceatus,species,FALSE,,aedes calceatus
Rift Valley fever,rift valley fever,Aedes (Neomelaniconion) circumluteolus,aedes neomelaniconion circumluteolus,mosquito,mosquito,confirmed,review,lit_review,1,1,,Pepin et al. 2010,maintenance vector,TRUE,FALSE,aedes circumluteolus,rule_drop_subgenus_token,Aedes (Neomelaniconion) circumluteolus,aedes circumluteolus,species,FALSE,,aedes circumluteolus
Rift Valley fever,rift valley fever,Aedes circumluteolus,aedes circumluteolus,mosquito,mosquito,probable,review,lit_review,1,2,Africa; Kenya,Mgongoma et al. 2026; Turell et al. 2008,review cites isolation; transmitted by bite,TRUE,FALSE,aedes circumluteolus,no_change,Aedes circumluteolus,aedes circumluteolus,species,FALSE,,aedes circumluteolus
Rift Valley fever,rift valley fever,Aedes durbanensis,aedes durbanensis,mosquito,mosquito,candidate,review,EFSA; lit_review,2,2,not specified; Southern Africa,EFSA Appendix G; Mgongoma et al. 2026,efsa_pathogen=Rift Valley fever virus; match_confidence=exact; match_method=exact_disease; field detection,TRUE,TRUE,aedes durbanensis,no_change,Aedes durbanensis,aedes durbanensis,species,FALSE,,aedes durbanensis
Rift Valley fever,rift valley fever,Aedes japonicus japonicus,aedes japonicus japonicus,mosquito,mosquito,probable,review,lit_review,1,1,United States,Golnar et al. 2014 Table 1,highest measured vector competence,TRUE,FALSE,aedes japonicus japonicus,no_change,Aedes japonicus japonicus,aedes japonicus japonicus,infraspecific,FALSE,,aedes japonicus japonicus
Rift Valley fever,rift valley fever,Aedes palpalis,aedes palpalis,mosquito,mosquito,probable,lab,lit_review,1,1,Central African Republic,Turell et al. 2008,transmitted by bite,TRUE,FALSE,aedes palpalis,no_change,Aedes palpalis,aedes palpalis,species,FALSE,,aedes palpalis
Rift Valley fever,rift valley fever,Aedes (Neomelaniconion) palpalis group,aedes neomelaniconion palpalis group,mosquito,mosquito,weak,review,lit_review,1,1,,Pepin et al. 2010,debated,TRUE,FALSE,aedes palpalis group,rule_drop_subgenus_token,Aedes (Neomelaniconion) palpalis group,aedes palpalis group,group,FALSE,,aedes palpalis group
Rift Valley fever,rift valley fever,Aedes pembaensis,aedes pembaensis,mosquito,mosquito,probable,review,lit_review,1,1,Africa,Mgongoma et al. 2026,review cites isolation,TRUE,FALSE,aedes pembaensis,no_change,Aedes pembaensis,aedes pembaensis,species,FALSE,,aedes pembaensis
Rift Valley fever,rift valley fever,Aedes spp.,aedes spp,mosquito,mosquito,candidate,review,lit_review,1,1,Eastern and Southern Africa,Mgongoma et al. 2026,genus-level field detection,TRUE,FALSE,aedes spp,no_change,Aedes spp.,aedes spp,genus_only,FALSE,,aedes spp
Rift Valley fever,rift valley fever,Aedes vexans (Meigen),aedes vexans meigen,mosquito,mosquito,probable,field+lab,lit_review,1,1,Senegal,Ndiaye et al. 2016,natural infection plus lab competence,TRUE,FALSE,aedes vexans meigen,no_change,Aedes vexans (Meigen),aedes vexans meigen,infraspecific,FALSE,,aedes vexans meigen
Rift Valley fever,rift valley fever,Anopheles bradleyi-crucians,anopheles bradleyi crucians,mosquito,mosquito,weak,review,lit_review,1,1,United States,Golnar et al. 2014 Table 1,near-zero measured vector competence,TRUE,FALSE,anopheles bradleyi crucians,no_change,Anopheles bradleyi-crucians,anopheles bradleyi crucians,infraspecific,FALSE,,anopheles bradleyi crucians
Rift Valley fever,rift valley fever,Anopheles gambiae arabiensis,anopheles gambiae arabiensis,mosquito,mosquito,candidate,review,lit_review,1,2,Northern Africa; White Nile state; Khartoum state,Mgongoma et al. 2026; Seufi and Galal 2010,field detection; PCR only,TRUE,FALSE,anopheles gambiae arabiensis,no_change,Anopheles gambiae arabiensis,anopheles gambiae arabiensis,infraspecific,FALSE,,anopheles gambiae arabiensis
Rift Valley fever,rift valley fever,Anopheles gambiae sensu lato,anopheles gambiae sensu lato,mosquito,mosquito,candidate,field,lit_review,1,1,Rwanda (Kirehe district),Nsengimana et al. 2025,RT-PCR positive only,TRUE,FALSE,anopheles gambiae sensu lato,no_change,Anopheles gambiae sensu lato,anopheles gambiae sensu lato,sensu_lato,FALSE,,anopheles gambiae sensu lato
Rift Valley fever,rift valley fever,Anopheles spp.,anopheles spp,mosquito,mosquito,candidate,review,lit_review,1,1,Southern Africa,Mgongoma et al. 2026,genus-level field detection,TRUE,FALSE,anopheles spp,no_change,Anopheles spp.,anopheles spp,genus_only,FALSE,,anopheles spp
Rift Valley fever,rift valley fever,Anopheles ziemanni,anopheles ziemanni,mosquito,mosquito,candidate,field,lit_review,1,1,Rwanda (Ngoma district),Nsengimana et al. 2025,RT-PCR positive only,TRUE,FALSE,anopheles ziemanni,no_change,Anopheles ziemanni,anopheles ziemanni,species,FALSE,,anopheles ziemanni
Rift Valley fever,rift valley fever,Culex pipiens biotype molestus,culex pipiens biotype molestus,mosquito,mosquito,candidate,efsa_appendix_g,EFSA,1,1,not specified,EFSA Appendix G,efsa_pathogen=Rift Valley fever virus; match_confidence=exact; match_method=exact_disease,FALSE,TRUE,culex pipiens biotype molestus,no_change,Culex pipiens biotype molestus,culex pipiens biotype molestus,infraspecific,FALSE,,culex pipiens biotype molestus
Rift Valley fever,rift valley fever,Culex pipiens biotype pipiens,culex pipiens biotype pipiens,mosquito,mosquito,candidate,efsa_appendix_g,EFSA,1,1,not specified,EFSA Appendix G,efsa_pathogen=Rift Valley fever virus; match_confidence=exact; match_method=exact_disease,FALSE,TRUE,culex pipiens biotype pipiens,no_change,Culex pipiens biotype pipiens,culex pipiens biotype pipiens,infraspecific,FALSE,,culex pipiens biotype pipiens
Rift Valley fever,rift valley fever,Culex pipiens biotype pipiens x biotype molestus,culex pipiens biotype pipiens x biotype molestus,mosquito,mosquito,candidate,efsa_appendix_g,EFSA,1,1,not specified,EFSA Appendix G,efsa_pathogen=Rift Valley fever virus; match_confidence=exact; match_method=exact_disease,FALSE,TRUE,culex pipiens biotype pipiens x biotype molestus,no_change,Culex pipiens biotype pipiens x biotype molestus,culex pipiens biotype pipiens x biotype molestus,hybrid,FALSE,,culex pipiens biotype pipiens x biotype molestus
Rift Valley fever,rift valley fever,Culex pipiens complex,culex pipiens complex,mosquito,mosquito,candidate,field,lit_review,1,1,White Nile state; Khartoum state,Seufi and Galal 2010,PCR only,TRUE,FALSE,culex pipiens complex,no_change,Culex pipiens complex,culex pipiens complex,complex,FALSE,,culex pipiens complex
Rift Valley fever,rift valley fever,Culex pipiens form molestus,culex pipiens form molestus,mosquito,mosquito,weak,lab,lit_review,1,1,Spain,Brustolin et al. 2017,infection only; no dissemination,TRUE,FALSE,culex pipiens form molestus,no_change,Culex pipiens form molestus,culex pipiens form molestus,infraspecific,FALSE,,culex pipiens form molestus
Rift Valley fever,rift valley fever,Culex pipiens hybrid form,culex pipiens hybrid form,mosquito,mosquito,probable,lab,lit_review,1,1,Spain,Brustolin et al. 2017,infectious saliva,TRUE,FALSE,culex pipiens hybrid form,no_change,Culex pipiens hybrid form,culex pipiens hybrid form,infraspecific,FALSE,,culex pipiens hybrid form
Rift Valley fever,rift valley fever,Culex pipiens s.l.,culex pipiens s l,mosquito,mosquito,candidate,efsa_appendix_g,EFSA,1,1,not specified,EFSA Appendix G,efsa_pathogen=Rift Valley fever virus; match_confidence=exact; match_method=exact_disease,FALSE,TRUE,culex pipiens s l,no_change,Culex pipiens s.l.,culex pipiens s l,sensu_lato,FALSE,,culex pipiens s l
Rift Valley fever,rift valley fever,Culex poicilipes (Theobald),culex poicilipes theobald,mosquito,mosquito,confirmed,field+lab,lit_review,1,1,Senegal,Ndiaye et al. 2016,main vector in West Africa,TRUE,FALSE,culex poicilipes theobald,no_change,Culex poicilipes (Theobald),culex poicilipes theobald,infraspecific,FALSE,,culex poicilipes theobald
Rift Valley fever,rift valley fever,Culex quinquefasciatus Say,culex quinquefasciatus say,mosquito,mosquito,candidate,lab,lit_review,1,1,Senegal,Ndiaye et al. 2016,lab competence only,TRUE,FALSE,culex quinquefasciatus say,no_change,Culex quinquefasciatus Say,culex quinquefasciatus say,infraspecific,FALSE,,culex quinquefasciatus say
Rift Valley fever,rift valley fever,Culex spp.,culex spp,mosquito,mosquito,candidate,review,lit_review,1,1,Eastern Africa,Mgongoma et al. 2026,genus-level field detection,TRUE,FALSE,culex spp,no_change,Culex spp.,culex spp,genus_only,FALSE,,culex spp
Rift Valley fever,rift valley fever,Culex (Culex) zombaensis,culex culex zombaensis,mosquito,mosquito,candidate,review,lit_review,1,1,,Pepin et al. 2010,limited support,TRUE,FALSE,culex zombaensis,rule_repeated_genus,Culex (Culex) zombaensis,culex zombaensis,species,FALSE,,culex zombaensis
Rift Valley fever,rift valley fever,Culex zombaensis,culex zombaensis,mosquito,mosquito,candidate,efsa_appendix_g,EFSA,1,1,not specified,EFSA Appendix G,efsa_pathogen=Rift Valley fever virus; match_confidence=exact; match_method=exact_disease,FALSE,TRUE,culex zombaensis,no_change,Culex zombaensis,culex zombaensis,species,FALSE,,culex zombaensis
Rift Valley fever,rift valley fever,Eretmapodites chrysogaster sensu lato,eretmapodites chrysogaster sensu lato,mosquito,mosquito,weak,review,lit_review,1,1,,Pepin et al. 2010,limited sample,TRUE,FALSE,eretmapodites chrysogaster sensu lato,no_change,Eretmapodites chrysogaster sensu lato,eretmapodites chrysogaster sensu lato,sensu_lato,FALSE,,eretmapodites chrysogaster sensu lato
Rift Valley fever,rift valley fever,Eretmapodites quinquevittatus,eretmapodites quinquevittatus,mosquito,mosquito,candidate,review,lit_review,1,2,Madagascar,Pepin et al. 2010; Tantely et al. 2015,candidate vector; debated,TRUE,FALSE,eretmapodites quinquevittatus,no_change,Eretmapodites quinquevittatus,eretmapodites quinquevittatus,species,FALSE,,eretmapodites quinquevittatus
Rift Valley fever,rift valley fever,Mansonia dyari,mansonia dyari,mosquito,mosquito,candidate,review,lit_review,1,1,United States,Golnar et al. 2014 Table 1,low measured vector competence,TRUE,FALSE,mansonia dyari,no_change,Mansonia dyari,mansonia dyari,species,FALSE,,mansonia dyari
Rift Valley fever,rift valley fever,Ochlerotatus caballus,ochlerotatus caballus,mosquito,mosquito,weak,review,lit_review,1,1,,Pepin et al. 2010,lab only,TRUE,FALSE,ochlerotatus caballus,no_change,Ochlerotatus caballus,ochlerotatus caballus,species,FALSE,,ochlerotatus caballus
Rift Valley fever,rift valley fever,Ochlerotatus juppi,ochlerotatus juppi,mosquito,mosquito,weak,review,lit_review,1,1,,Pepin et al. 2010,no clear role,TRUE,FALSE,ochlerotatus juppi,no_change,Ochlerotatus juppi,ochlerotatus juppi,species,FALSE,,ochlerotatus juppi
Severe fever with thrombocytopenia syndrome (SFTS),severe fever with thrombocytopenia syndrome sfts,Dermacentor silvarum,dermacentor silvarum,tick,tick,weak,lab,lit_review,1,2,China,Hu et al. 2020; Xu et al. 2024,PCR only; PCR only; animal negative,TRUE,FALSE,dermacentor silvarum,no_change,Dermacentor silvarum,dermacentor silvarum,species,FALSE,,dermacentor silvarum
Severe fever with thrombocytopenia syndrome (SFTS),severe fever with thrombocytopenia syndrome sfts,Haemaphysalis formosensis,haemaphysalis formosensis,tick,tick,candidate,field,lit_review,1,3,"Japan; Miyazaki Prefecture, Japan",Sato et al. 2021; Wang et al. 2021 Table 1; Xu et al. 2024,PCR only; virus isolated; maintenance role,TRUE,FALSE,haemaphysalis formosensis,no_change,Haemaphysalis formosensis,haemaphysalis formosensis,infraspecific,FALSE,,haemaphysalis formosensis
Severe fever with thrombocytopenia syndrome (SFTS),severe fever with thrombocytopenia syndrome sfts,Haemaphysalis hystricis,haemaphysalis hystricis,tick,tick,probable,field,lit_review,1,3,"Japan; Miyazaki Prefecture, Japan",Sato et al. 2021; Wang et al. 2021 Table 1; Xu et al. 2024,PCR only; virus isolated; potential vector,TRUE,FALSE,haemaphysalis hystricis,no_change,Haemaphysalis hystricis,haemaphysalis hystricis,species,FALSE,,haemaphysalis hystricis
Severe fever with thrombocytopenia syndrome (SFTS),severe fever with thrombocytopenia syndrome sfts,Haemaphysalis japonica,haemaphysalis japonica,tick,tick,weak,review,lit_review,1,1,,Xu et al. 2024,PCR only,TRUE,FALSE,haemaphysalis japonica,no_change,Haemaphysalis japonica,haemaphysalis japonica,species,FALSE,,haemaphysalis japonica
Severe fever with thrombocytopenia syndrome (SFTS),severe fever with thrombocytopenia syndrome sfts,Haemaphysalis megaspinosa,haemaphysalis megaspinosa,tick,tick,candidate,field,lit_review,1,2,"Japan; ROK; Miyazaki Prefecture, Japan",Sato et al. 2021; Wang et al. 2021 Table 1,PCR only; virus isolated; maintenance role,TRUE,FALSE,haemaphysalis megaspinosa,no_change,Haemaphysalis megaspinosa,haemaphysalis megaspinosa,species,FALSE,,haemaphysalis megaspinosa
Severe fever with thrombocytopenia syndrome (SFTS),severe fever with thrombocytopenia syndrome sfts,Hyalomma asiaticum,hyalomma asiaticum,tick,tick,weak,review,lit_review,1,1,SFTS endemic areas,Casel et al. 2021,PCR only,TRUE,FALSE,hyalomma asiaticum,no_change,Hyalomma asiaticum,hyalomma asiaticum,species,FALSE,,hyalomma asiaticum
Severe fever with thrombocytopenia syndrome (SFTS),severe fever with thrombocytopenia syndrome sfts,Ixodes persulcatus,ixodes persulcatus,tick,tick,weak,lab,lit_review,1,2,China,Hu et al. 2020; Xu et al. 2024,PCR only; PCR only; no transmission,TRUE,FALSE,ixodes persulcatus,no_change,Ixodes persulcatus,ixodes persulcatus,species,FALSE,,ixodes persulcatus
Severe fever with thrombocytopenia syndrome (SFTS),severe fever with thrombocytopenia syndrome sfts,Ixodes sinensis,ixodes sinensis,tick,tick,confirmed,review,lit_review,1,4,central and southern China; China,Cui et al. 2024; Hu et al. 2020; Sun et al. 2024; Wang et al. 2021,also vector; human-feeding note; background-cited transmitter; efficient vector; transovarial; transovarial/horizontal transmission,TRUE,FALSE,ixodes sinensis,no_change,Ixodes sinensis,ixodes sinensis,species,FALSE,,ixodes sinensis
Tick-borne encephalitis,tick borne encephalitis,Haemaphysalis inermis,haemaphysalis inermis,tick,tick,probable,review,lit_review,1,1,,Kwasnik et al. 2023,experimental competence,TRUE,FALSE,haemaphysalis inermis,no_change,Haemaphysalis inermis,haemaphysalis inermis,species,FALSE,,haemaphysalis inermis
Tick-borne encephalitis,tick borne encephalitis,Ixodes arboricola,ixodes arboricola,tick,tick,confirmed,review,lit_review,1,1,Central Europe,Kwasnik et al. 2023,,TRUE,FALSE,ixodes arboricola,no_change,Ixodes arboricola,ixodes arboricola,species,FALSE,,ixodes arboricola
Tick-borne encephalitis,tick borne encephalitis,Ixodes gibbosus,ixodes gibbosus,tick,tick,weak,review,lit_review,1,1,Mediterranean region,Kwasnik et al. 2023,marginal vector,TRUE,FALSE,ixodes gibbosus,no_change,Ixodes gibbosus,ixodes gibbosus,species,FALSE,,ixodes gibbosus
Tick-borne encephalitis,tick borne encephalitis,Ixodes persulcatus,ixodes persulcatus,tick,tick,confirmed,review,lit_review,1,8,"nontropical Eurasia; parts of the Baltic States, Finland, Russia, and Siberia; Russia and Asia; Simo, Finnish Lapland, Finland; widespread, including central Europe, Scandinavia and the UK",Belova et al. 2023; Jääskeläinen et al. 2011; Kazimírová et al. 2017; Korenberg 2000; Kwasnik et al. 2023; Mittova et al. 2024; Petit et al. 2024; Pustijanac et al. 2023,field infection and virus isolation; main vector in Russia and Asia; main vector; lab competence; principal vector; table-listed,TRUE,FALSE,ixodes persulcatus,no_change,Ixodes persulcatus,ixodes persulcatus,species,FALSE,,ixodes persulcatus
Venezuelan equine encephalitis,venezuelan equine encephalitis,Aedes (Ochlerotatus) angustivittatus,aedes ochlerotatus angustivittatus,mosquito,mosquito,candidate,review,lit_review,1,1,Colombia,Torres et al. 2017,found infected with VEEV,TRUE,FALSE,aedes angustivittatus,rule_drop_subgenus_token,Aedes (Ochlerotatus) angustivittatus,aedes angustivittatus,species,FALSE,,aedes angustivittatus
Venezuelan equine encephalitis,venezuelan equine encephalitis,Anopheles pseudopunctipennis,anopheles pseudopunctipennis,mosquito,mosquito,probable,review,lit_review,1,1,,Torres et al. 2017,subtypes IC/IAB isolated,TRUE,FALSE,anopheles pseudopunctipennis,no_change,Anopheles pseudopunctipennis,anopheles pseudopunctipennis,species,FALSE,,anopheles pseudopunctipennis
Venezuelan equine encephalitis,venezuelan equine encephalitis,Culex (Melanoconion) adamesi,culex melanoconion adamesi,mosquito,mosquito,confirmed,field,lit_review,1,2,Colombia; Monte San Miguel Forest; middle Magdalena Valley; Colombia,Ferro et al. 2003; Torres et al. 2017,found infected with subtype ID; secondary vector,TRUE,FALSE,culex adamesi,rule_drop_subgenus_token,Culex (Melanoconion) adamesi,culex adamesi,species,FALSE,,culex adamesi
Venezuelan equine encephalitis,venezuelan equine encephalitis,Culex adamesi,culex adamesi,mosquito,mosquito,candidate,review,lit_review,1,1,,Sloyer et al. 2022,confirmed or suspected vector list,TRUE,FALSE,culex adamesi,no_change,Culex adamesi,culex adamesi,species,FALSE,,culex adamesi
Venezuelan equine encephalitis,venezuelan equine encephalitis,Culex (Melanoconion) aikenii sensu lato,culex melanoconion aikenii sensu lato,mosquito,mosquito,confirmed,review,lit_review,1,1,Panama,Ferro et al. 2003,ocossa and panocossa,TRUE,FALSE,culex aikenii sensu lato,rule_drop_subgenus_token,Culex (Melanoconion) aikenii sensu lato,culex aikenii sensu lato,sensu_lato,FALSE,,culex aikenii sensu lato
Venezuelan equine encephalitis,venezuelan equine encephalitis,Culex (Melanoconion) cedeci,culex melanoconion cedeci,mosquito,mosquito,confirmed,review,lit_review,1,1,Southern Florida; USA,Torres et al. 2017,transmits subtype II,TRUE,FALSE,culex cedeci,rule_drop_subgenus_token,Culex (Melanoconion) cedeci,culex cedeci,species,FALSE,,culex cedeci
Venezuelan equine encephalitis,venezuelan equine encephalitis,Culex (Melanoconion) crybda,culex melanoconion crybda,mosquito,mosquito,candidate,review,lit_review,1,1,,Torres et al. 2017,reported VEEV vector,TRUE,FALSE,culex crybda,rule_drop_subgenus_token,Culex (Melanoconion) crybda,culex crybda,species,FALSE,,culex crybda
Venezuelan equine encephalitis,venezuelan equine encephalitis,Culex delpontei,culex delpontei,mosquito,mosquito,candidate,review,lit_review,1,1,,Sloyer et al. 2022,confirmed or suspected vector list,TRUE,FALSE,culex delpontei,no_change,Culex delpontei,culex delpontei,species,FALSE,,culex delpontei
Venezuelan equine encephalitis,venezuelan equine encephalitis,Culex gnomatos,culex gnomatos,mosquito,mosquito,candidate,review,EFSA; lit_review,2,2,not specified,EFSA Appendix G; Sloyer et al. 2022,confirmed or suspected vector list; efsa_pathogen=Venezuelan equine encephalitis virus; match_confidence=exact; match_method=exact_alias_pathogen,TRUE,TRUE,culex gnomatos,no_change,Culex gnomatos,culex gnomatos,species,FALSE,,culex gnomatos
Venezuelan equine encephalitis,venezuelan equine encephalitis,Culex gnomatos/vomerifer,culex gnomatos vomerifer,mosquito,mosquito,candidate,efsa_appendix_g,EFSA,1,1,not specified,EFSA Appendix G,efsa_pathogen=Venezuelan equine encephalitis virus; match_confidence=exact; match_method=exact_alias_pathogen,FALSE,TRUE,culex gnomatos vomerifer,no_change,Culex gnomatos/vomerifer,culex gnomatos vomerifer,infraspecific,FALSE,,culex gnomatos vomerifer
Venezuelan equine encephalitis,venezuelan equine encephalitis,Culex panocossa,culex panocossa,mosquito,mosquito,probable,review,lit_review,1,1,peninsular Florida; USA,Sloyer et al. 2022,vector of VEEV-ID,TRUE,FALSE,culex panocossa,no_change,Culex panocossa,culex panocossa,species,FALSE,,culex panocossa
Venezuelan equine encephalitis,venezuelan equine encephalitis,Culex (Melanoconion) portesi,culex melanoconion portesi,mosquito,mosquito,confirmed,review,lit_review,1,1,Trinidad,Torres et al. 2017,transmits subtype IIIA,TRUE,FALSE,culex portesi,rule_drop_subgenus_token,Culex (Melanoconion) portesi,culex portesi,species,FALSE,,culex portesi
Venezuelan equine encephalitis,venezuelan equine encephalitis,Culex portesi,culex portesi,mosquito,mosquito,candidate,review,lit_review,1,1,,Sloyer et al. 2022,confirmed or suspected vector list,TRUE,FALSE,culex portesi,no_change,Culex portesi,culex portesi,species,FALSE,,culex portesi
Venezuelan equine encephalitis,venezuelan equine encephalitis,Culex (Melanoconion) vomerifer,culex melanoconion vomerifer,mosquito,mosquito,confirmed,field,lit_review,1,2,Monte San Miguel Forest; middle Magdalena Valley; Colombia; Panama; Peru; Colombia,Ferro et al. 2003; Torres et al. 2017,infected or susceptible in prior studies; principal vector,TRUE,FALSE,culex vomerifer,rule_drop_subgenus_token,Culex (Melanoconion) vomerifer,culex vomerifer,species,FALSE,,culex vomerifer
Venezuelan equine encephalitis,venezuelan equine encephalitis,Culex vomerifer,culex vomerifer,mosquito,mosquito,candidate,review,lit_review,1,1,,Sloyer et al. 2022,confirmed or suspected vector list,TRUE,FALSE,culex vomerifer,no_change,Culex vomerifer,culex vomerifer,species,FALSE,,culex vomerifer
Venezuelan equine encephalitis,venezuelan equine encephalitis,Mansonia dyari,mansonia dyari,mosquito,mosquito,probable,review,lit_review,1,1,Lake Bayano; Panama,Torres et al. 2017,subtypes IC/IAB isolated,TRUE,FALSE,mansonia dyari,no_change,Mansonia dyari,mansonia dyari,species,FALSE,,mansonia dyari
West Nile fever,west nile fever,Aedes alternans,aedes alternans,mosquito,mosquito,candidate,field,lit_review,1,1,Australia,Jansen et al. 2013,field isolate; secondary vector,TRUE,FALSE,aedes alternans,no_change,Aedes alternans,aedes alternans,species,FALSE,,aedes alternans
West Nile fever,west nile fever,Aedes australis,aedes australis,mosquito,mosquito,candidate,efsa_appendix_g,EFSA,1,1,not specified,EFSA Appendix G,efsa_pathogen=West Nile virus; match_confidence=manual; match_method=manual_synonym,FALSE,TRUE,aedes australis,no_change,Aedes australis,aedes australis,species,FALSE,,aedes australis
West Nile fever,west nile fever,Aedes japonicus japonicus,aedes japonicus japonicus,mosquito,mosquito,weak,review,lit_review,1,1,Germany,Vogels et al. 2017,not competent,TRUE,FALSE,aedes japonicus japonicus,no_change,Aedes japonicus japonicus,aedes japonicus japonicus,infraspecific,FALSE,,aedes japonicus japonicus
West Nile fever,west nile fever,Aedes kochi,aedes kochi,mosquito,mosquito,candidate,efsa_appendix_g,EFSA,1,1,not specified,EFSA Appendix G,efsa_pathogen=West Nile virus; match_confidence=manual; match_method=manual_synonym,FALSE,TRUE,aedes kochi,no_change,Aedes kochi,aedes kochi,species,FALSE,,aedes kochi
West Nile fever,west nile fever,Aedes rusticus,aedes rusticus,mosquito,mosquito,probable,lab,lit_review,1,1,northeastern France (Berru),Martinet et al. 2023,new putative vector,TRUE,FALSE,aedes rusticus,no_change,Aedes rusticus,aedes rusticus,species,FALSE,,aedes rusticus
West Nile fever,west nile fever,Aedes spp.,aedes spp,mosquito,mosquito,candidate,review,lit_review,1,1,,Gray and Webb 2014,lab only,TRUE,FALSE,aedes spp,no_change,Aedes spp.,aedes spp,genus_only,FALSE,,aedes spp
West Nile fever,west nile fever,Aedes tremulus,aedes tremulus,mosquito,mosquito,candidate,field,lit_review,1,1,Australia,Jansen et al. 2013,field isolate; secondary vector,TRUE,FALSE,aedes tremulus,no_change,Aedes tremulus,aedes tremulus,species,FALSE,,aedes tremulus
West Nile fever,west nile fever,Anopheles maculipennis s.s.,anopheles maculipennis s s,mosquito,mosquito,candidate,review,lit_review,1,1,Europe,Bellini et al. 2014,field-collected example,TRUE,FALSE,anopheles maculipennis s s,no_change,Anopheles maculipennis s.s.,anopheles maculipennis s s,infraspecific,FALSE,,anopheles maculipennis s s
West Nile fever,west nile fever,Culex incidens,culex incidens,mosquito,mosquito,candidate,efsa_appendix_g,EFSA,1,1,not specified,EFSA Appendix G,efsa_pathogen=West Nile virus; match_confidence=manual; match_method=manual_synonym,FALSE,TRUE,culex incidens,no_change,Culex incidens,culex incidens,species,FALSE,,culex incidens
West Nile fever,west nile fever,Culex neavei group,culex neavei group,mosquito,mosquito,candidate,efsa_appendix_g,EFSA,1,1,not specified,EFSA Appendix G,efsa_pathogen=West Nile virus; match_confidence=manual; match_method=manual_synonym,FALSE,TRUE,culex neavei group,no_change,Culex neavei group,culex neavei group,group,FALSE,,culex neavei group
West Nile fever,west nile fever,Culex pervigilans,culex pervigilans,mosquito,mosquito,candidate,efsa_appendix_g,EFSA,1,1,not specified,EFSA Appendix G,efsa_pathogen=West Nile virus; match_confidence=manual; match_method=manual_synonym,FALSE,TRUE,culex pervigilans,no_change,Culex pervigilans,culex pervigilans,species,FALSE,,culex pervigilans
West Nile fever,west nile fever,Culex pipiens biotype molestus,culex pipiens biotype molestus,mosquito,mosquito,probable,review,EFSA; lit_review,2,2,France; The Netherlands; Switzerland; Germany; not specified,EFSA Appendix G; Martinet et al. 2019,competent for lineages 1 and 2; efsa_pathogen=West Nile virus; match_confidence=manual; match_method=manual_synonym,TRUE,TRUE,culex pipiens biotype molestus,no_change,Culex pipiens biotype molestus,culex pipiens biotype molestus,infraspecific,FALSE,,culex pipiens biotype molestus
West Nile fever,west nile fever,Culex pipiens biotype molestus x Culex quinquefasciatus,culex pipiens biotype molestus x culex quinquefasciatus,mosquito,mosquito,candidate,efsa_appendix_g,EFSA,1,1,not specified,EFSA Appendix G,efsa_pathogen=West Nile virus; match_confidence=manual; match_method=manual_synonym,FALSE,TRUE,culex pipiens biotype molestus x culex quinquefasciatus,no_change,Culex pipiens biotype molestus x Culex quinquefasciatus,culex pipiens biotype molestus x culex quinquefasciatus,hybrid,FALSE,,culex pipiens biotype molestus x culex quinquefasciatus
West Nile fever,west nile fever,Culex pipiens biotype pipiens,culex pipiens biotype pipiens,mosquito,mosquito,probable,review,EFSA; lit_review,2,2,France; The Netherlands; Switzerland; Germany; not specified,EFSA Appendix G; Martinet et al. 2019,competent for lineages 1 and 2; efsa_pathogen=West Nile virus; match_confidence=manual; match_method=manual_synonym,TRUE,TRUE,culex pipiens biotype pipiens,no_change,Culex pipiens biotype pipiens,culex pipiens biotype pipiens,infraspecific,FALSE,,culex pipiens biotype pipiens
West Nile fever,west nile fever,Culex pipiens biotype pipiens x biotype molestus,culex pipiens biotype pipiens x biotype molestus,mosquito,mosquito,candidate,efsa_appendix_g,EFSA,1,1,not specified,EFSA Appendix G,efsa_pathogen=West Nile virus; match_confidence=manual; match_method=manual_synonym,FALSE,TRUE,culex pipiens biotype pipiens x biotype molestus,no_change,Culex pipiens biotype pipiens x biotype molestus,culex pipiens biotype pipiens x biotype molestus,hybrid,FALSE,,culex pipiens biotype pipiens x biotype molestus
West Nile fever,west nile fever,Culex pipiens biotype pipiens x Culex quinquefasciatus,culex pipiens biotype pipiens x culex quinquefasciatus,mosquito,mosquito,candidate,efsa_appendix_g,EFSA,1,1,not specified,EFSA Appendix G,efsa_pathogen=West Nile virus; match_confidence=manual; match_method=manual_synonym,FALSE,TRUE,culex pipiens biotype pipiens x culex quinquefasciatus,no_change,Culex pipiens biotype pipiens x Culex quinquefasciatus,culex pipiens biotype pipiens x culex quinquefasciatus,hybrid,FALSE,,culex pipiens biotype pipiens x culex quinquefasciatus
West Nile fever,west nile fever,Culex pipiens pipiens,culex pipiens pipiens,mosquito,mosquito,probable,lab,lit_review,1,1,California USA,Goddard et al. 2002,enzootic vector candidate,TRUE,FALSE,culex pipiens pipiens,no_change,Culex pipiens pipiens,culex pipiens pipiens,infraspecific,FALSE,,culex pipiens pipiens
West Nile fever,west nile fever,Culex pipiens quinquefasciatus,culex pipiens quinquefasciatus,mosquito,mosquito,candidate,lab,lit_review,1,1,California USA,Goddard et al. 2002,variable populations,TRUE,FALSE,culex pipiens quinquefasciatus,no_change,Culex pipiens quinquefasciatus,culex pipiens quinquefasciatus,infraspecific,FALSE,,culex pipiens quinquefasciatus
West Nile fever,west nile fever,Culex pipiens/restuans,culex pipiens restuans,mosquito,mosquito,candidate,efsa_appendix_g,EFSA,1,1,not specified,EFSA Appendix G,efsa_pathogen=West Nile virus; match_confidence=manual; match_method=manual_synonym,FALSE,TRUE,culex pipiens restuans,no_change,Culex pipiens/restuans,culex pipiens restuans,infraspecific,FALSE,,culex pipiens restuans
West Nile fever,west nile fever,Culex pipiens s.l.,culex pipiens s l,mosquito,mosquito,confirmed,review,EFSA; lit_review,2,2,Europe; not specified,Bellini et al. 2014; EFSA Appendix G,efsa_pathogen=West Nile virus; match_confidence=manual; match_method=manual_synonym; major vector role,TRUE,TRUE,culex pipiens s l,no_change,Culex pipiens s.l.,culex pipiens s l,sensu_lato,FALSE,,culex pipiens s l
West Nile fever,west nile fever,Culex spp.,culex spp,mosquito,mosquito,confirmed,review,lit_review,1,1,global,Gray and Webb 2014,primary vectors,TRUE,FALSE,culex spp,no_change,Culex spp.,culex spp,genus_only,FALSE,,culex spp
West Nile fever,west nile fever,Culex squamosus,culex squamosus,mosquito,mosquito,candidate,field,lit_review,1,1,northern Queensland,Jansen et al. 2013,regional candidate,TRUE,FALSE,culex squamosus,no_change,Culex squamosus,culex squamosus,species,FALSE,,culex squamosus
West Nile fever,west nile fever,Culex torrentium,culex torrentium,mosquito,mosquito,probable,review,EFSA; lit_review,2,3,France; The Netherlands; Switzerland; Germany; Germany; not specified,EFSA Appendix G; Martinet et al. 2019; Vogels et al. 2017,competent for lineages 1 and 2; efsa_pathogen=West Nile virus; match_confidence=manual; match_method=manual_synonym; infection and dissemination only,TRUE,TRUE,culex torrentium,no_change,Culex torrentium,culex torrentium,species,FALSE,,culex torrentium
West Nile fever,west nile fever,Ochlerotatus caspius,ochlerotatus caspius,mosquito,mosquito,weak,field,lit_review,1,1,Italy,Engler et al. 2013,WNV-positive pools,TRUE,FALSE,ochlerotatus caspius,no_change,Ochlerotatus caspius,ochlerotatus caspius,species,FALSE,,ochlerotatus caspius
West Nile fever,west nile fever,Ochlerotatus dorsalis,ochlerotatus dorsalis,mosquito,mosquito,candidate,lab,lit_review,1,1,California USA,Goddard et al. 2002,secondary role questioned,TRUE,FALSE,ochlerotatus dorsalis,no_change,Ochlerotatus dorsalis,ochlerotatus dorsalis,species,FALSE,,ochlerotatus dorsalis
West Nile fever,west nile fever,Ochlerotatus melanimon,ochlerotatus melanimon,mosquito,mosquito,candidate,lab,lit_review,1,1,California USA,Goddard et al. 2002,secondary role questioned,TRUE,FALSE,ochlerotatus melanimon,no_change,Ochlerotatus melanimon,ochlerotatus melanimon,species,FALSE,,ochlerotatus melanimon
West Nile fever,west nile fever,Ochlerotatus sierrensis,ochlerotatus sierrensis,mosquito,mosquito,weak,lab,lit_review,1,1,California USA,Goddard et al. 2002,probably not vector,TRUE,FALSE,ochlerotatus sierrensis,no_change,Ochlerotatus sierrensis,ochlerotatus sierrensis,species,FALSE,,ochlerotatus sierrensis
West Nile fever,west nile fever,Verrallina lineato,verrallina lineato,mosquito,mosquito,candidate,efsa_appendix_g,EFSA,1,1,not specified,EFSA Appendix G,efsa_pathogen=West Nile virus; match_confidence=manual; match_method=manual_synonym,FALSE,TRUE,verrallina lineato,no_change,Verrallina lineato,verrallina lineato,species,TRUE,Likely spelling or taxonomy issue; manual decision needed.,verrallina lineato
Yellow fever,yellow fever,Aedes bromeliae,aedes bromeliae,mosquito,mosquito,confirmed,review,lit_review,1,2,Africa,"(Gabiane, Yen and Failloux, 2022); (Shinde et al., 2022)",bridge vector; semi-domestic vector,TRUE,FALSE,aedes bromeliae,no_change,Aedes bromeliae,aedes bromeliae,species,FALSE,,aedes bromeliae
Yellow fever,yellow fever,Aedes centropunctatus,aedes centropunctatus,mosquito,mosquito,candidate,review,lit_review,1,1,sub-Saharan Africa,"(Oyono et al., 2022)",positive only,TRUE,FALSE,aedes centropunctatus,no_change,Aedes centropunctatus,aedes centropunctatus,species,FALSE,,aedes centropunctatus
Yellow fever,yellow fever,Aedes dalzieli,aedes dalzieli,mosquito,mosquito,candidate,review,lit_review,1,1,sub-Saharan Africa,"(Oyono et al., 2022)",positive only,TRUE,FALSE,aedes dalzieli,no_change,Aedes dalzieli,aedes dalzieli,species,FALSE,,aedes dalzieli
Yellow fever,yellow fever,Aedes furcifer,aedes furcifer,mosquito,mosquito,confirmed,review,lit_review,1,3,Africa; sub-Saharan Africa,"(Gabiane, Yen and Failloux, 2022); (Oyono et al., 2022); (Shinde et al., 2022)",major sylvatic/bridge vector; positive only; semi-domestic vector,TRUE,FALSE,aedes furcifer,no_change,Aedes furcifer,aedes furcifer,species,FALSE,,aedes furcifer
Yellow fever,yellow fever,Aedes furcifer-taylori,aedes furcifer taylori,mosquito,mosquito,confirmed,review,lit_review,1,2,Africa; tropical Africa,"(Braack et al., 2018); (Shinde et al., 2022)",implicated; primary sylvatic vector,TRUE,FALSE,aedes furcifer taylori,no_change,Aedes furcifer-taylori,aedes furcifer taylori,infraspecific,FALSE,,aedes furcifer taylori
Yellow fever,yellow fever,Aedes keniensis,aedes keniensis,mosquito,mosquito,confirmed,review,lit_review,1,1,Africa,"(Gabiane, Yen and Failloux, 2022)",bridge vector,TRUE,FALSE,aedes keniensis,no_change,Aedes keniensis,aedes keniensis,species,FALSE,,aedes keniensis
Yellow fever,yellow fever,Aedes luteocephalis,aedes luteocephalis,mosquito,mosquito,confirmed,review,lit_review,1,1,Africa,"(Shinde et al., 2022)",semi-domestic vector,TRUE,FALSE,aedes luteocephalis,manual_map,Aedes luteocephalis,aedes luteocephalus,species,FALSE,Likely spelling variant aligned to the canonical species spelling already present in the table.,aedes luteocephalus
Yellow fever,yellow fever,Aedes luteocephalus,aedes luteocephalus,mosquito,mosquito,confirmed,review,lit_review,1,3,Africa; sub-Saharan Africa,"(Braack et al., 2018); (Gabiane, Yen and Failloux, 2022); (Oyono et al., 2022)",major sylvatic vector; primary sylvatic vector; sylvatic cycle,TRUE,FALSE,aedes luteocephalus,no_change,Aedes luteocephalus,aedes luteocephalus,species,FALSE,,aedes luteocephalus
Yellow fever,yellow fever,Aedes opok,aedes opok,mosquito,mosquito,confirmed,review,lit_review,1,3,Africa; sub-Saharan Africa,"(Braack et al., 2018); (Gabiane, Yen and Failloux, 2022); (Oyono et al., 2022)",major sylvatic vector; primary sylvatic vector; sylvatic cycle,TRUE,FALSE,aedes opok,no_change,Aedes opok,aedes opok,species,FALSE,,aedes opok
Yellow fever,yellow fever,Aedes simpsoni,aedes simpsoni,mosquito,mosquito,confirmed,review,lit_review,1,2,sub-Saharan Africa; tropical Africa,"(Oyono et al., 2022); (Shinde et al., 2022)",implicated; sylvatic cycle,TRUE,FALSE,aedes simpsoni,no_change,Aedes simpsoni,aedes simpsoni,species,FALSE,,aedes simpsoni
Yellow fever,yellow fever,Aedes simpsoni complex,aedes simpsoni complex,mosquito,mosquito,candidate,review,lit_review,1,1,Africa,"(Braack et al., 2018)",table-listed,TRUE,FALSE,aedes simpsoni complex,no_change,Aedes simpsoni complex,aedes simpsoni complex,complex,FALSE,,aedes simpsoni complex
Yellow fever,yellow fever,Haemagogus capricorni,haemagogus capricorni,mosquito,mosquito,probable,review,lit_review,1,1,South America; Caribbean,"(Braack et al., 2018)",sylvatic cycle,TRUE,FALSE,haemagogus capricorni,no_change,Haemagogus capricorni,haemagogus capricorni,species,FALSE,,haemagogus capricorni
Yellow fever,yellow fever,Haemagogus equines,haemagogus equines,mosquito,mosquito,probable,review,lit_review,1,1,South America; Caribbean,"(Braack et al., 2018)",sylvatic cycle,TRUE,FALSE,haemagogus equines,no_change,Haemagogus equines,haemagogus equines,species,FALSE,,haemagogus equines
Yellow fever,yellow fever,Haemagogus mesodentatus,haemagogus mesodentatus,mosquito,mosquito,probable,review,lit_review,1,1,South America; Caribbean,"(Braack et al., 2018)",sylvatic cycle,TRUE,FALSE,haemagogus mesodentatus,no_change,Haemagogus mesodentatus,haemagogus mesodentatus,species,FALSE,,haemagogus mesodentatus
Yellow fever,yellow fever,Haemagogus spegazzinii,haemagogus spegazzinii,mosquito,mosquito,probable,review,lit_review,1,1,South America; Caribbean,"(Braack et al., 2018)",sylvatic cycle,TRUE,FALSE,haemagogus spegazzinii,no_change,Haemagogus spegazzinii,haemagogus spegazzinii,species,FALSE,,haemagogus spegazzinii
Yellow fever,yellow fever,Haemagogus spegazzinni,haemagogus spegazzinni,mosquito,mosquito,probable,review,lit_review,1,1,South America,"(Shinde et al., 2022)",sylvatic vector,TRUE,FALSE,haemagogus spegazzinni,manual_map,Haemagogus spegazzinni,haemagogus spegazzinii,species,FALSE,Likely spelling variant aligned to the canonical species spelling already present in the table.,haemagogus spegazzinii
Yellow fever,yellow fever,Sabethes albipivus,sabethes albipivus,mosquito,mosquito,confirmed,review,lit_review,1,1,South America,"(Shinde et al., 2022)",experimental competence,TRUE,FALSE,sabethes albipivus,no_change,Sabethes albipivus,sabethes albipivus,species,FALSE,,sabethes albipivus
Yellow fever,yellow fever,Sabethes cyaneus,sabethes cyaneus,mosquito,mosquito,probable,review,lit_review,1,1,South America,"(Shinde et al., 2022)",sylvatic vector,TRUE,FALSE,sabethes cyaneus,no_change,Sabethes cyaneus,sabethes cyaneus,species,FALSE,,sabethes cyaneus
Yellow fever,yellow fever,Sabethes soperi,sabethes soperi,mosquito,mosquito,probable,review,lit_review,1,1,South America,"(Shinde et al., 2022)",sylvatic vector,TRUE,FALSE,sabethes soperi,no_change,Sabethes soperi,sabethes soperi,species,FALSE,,sabethes soperi
Zika virus disease,zika virus disease,Aedes bromeliae,aedes bromeliae,mosquito,mosquito,candidate,review,lit_review,1,1,,Evans et al. 2017 Table 1,model predicted,TRUE,FALSE,aedes bromeliae,no_change,Aedes bromeliae,aedes bromeliae,species,FALSE,,aedes bromeliae
Zika virus disease,zika virus disease,Aedes dalzieli,aedes dalzieli,mosquito,mosquito,probable,review,lit_review,1,3,Africa; Senegal,Epelboin et al. 2017; Gutierrez-Bugallo et al. 2019,field infection; sylvatic cycle,TRUE,FALSE,aedes dalzieli,no_change,Aedes dalzieli,aedes dalzieli,species,FALSE,,aedes dalzieli
Zika virus disease,zika virus disease,Aedes flavicolis,aedes flavicolis,mosquito,mosquito,candidate,review,lit_review,1,1,,Evans et al. 2017 Table 1,model predicted,TRUE,FALSE,aedes flavicolis,manual_map,Aedes flavicolis,aedes flavicollis,species,FALSE,Likely spelling variant aligned to the canonical species spelling already present in the table.,aedes flavicollis
Zika virus disease,zika virus disease,Aedes flavicollis,aedes flavicollis,mosquito,mosquito,weak,review,lit_review,1,2,,Gutierrez-Bugallo et al. 2019,infected only once,TRUE,FALSE,aedes flavicollis,no_change,Aedes flavicollis,aedes flavicollis,species,FALSE,,aedes flavicollis
Zika virus disease,zika virus disease,Aedes fowleri,aedes fowleri,mosquito,mosquito,candidate,review,lit_review,1,1,Senegal,Epelboin et al. 2017,field infection,TRUE,FALSE,aedes fowleri,no_change,Aedes fowleri,aedes fowleri,species,FALSE,,aedes fowleri
Zika virus disease,zika virus disease,Aedes furcifer,aedes furcifer,mosquito,mosquito,confirmed,review,lit_review,1,4,Africa; Senegal,Epelboin et al. 2017; Evans et al. 2017 Table 1; Gutierrez-Bugallo et al. 2019,field infection; known vector; sylvatic cycle,TRUE,FALSE,aedes furcifer,no_change,Aedes furcifer,aedes furcifer,species,FALSE,,aedes furcifer
Zika virus disease,zika virus disease,Aedes grahamii,aedes grahamii,mosquito,mosquito,weak,review,lit_review,1,2,,Gutierrez-Bugallo et al. 2019,infected only once,TRUE,FALSE,aedes grahamii,no_change,Aedes grahamii,aedes grahamii,species,FALSE,,aedes grahamii
Zika virus disease,zika virus disease,Aedes hensilli,aedes hensilli,mosquito,mosquito,confirmed,review,lit_review,1,6,"Yap; Yap Island; Yap Island, Federated States of Micronesia","(Ledermann et al., 2014); Epelboin et al. 2017; Evans et al. 2017 Table 1; Gutierrez-Bugallo et al. 2019; Ledermann et al. 2014",known vector; outbreak-associated; no confirmed transmission; probable outbreak vector; probable vector; probable vector; no field isolate,TRUE,FALSE,aedes hensilli,no_change,Aedes hensilli,aedes hensilli,species,FALSE,,aedes hensilli
Zika virus disease,zika virus disease,Aedes jamoti,aedes jamoti,mosquito,mosquito,weak,review,lit_review,1,2,,Gutierrez-Bugallo et al. 2019,infected only once,TRUE,FALSE,aedes jamoti,no_change,Aedes jamoti,aedes jamoti,species,FALSE,,aedes jamoti
Zika virus disease,zika virus disease,Aedes luteocephalus,aedes luteocephalus,mosquito,mosquito,confirmed,review,lit_review,1,4,Africa; Senegal,Epelboin et al. 2017; Evans et al. 2017 Table 1; Gutierrez-Bugallo et al. 2019,known vector; saliva positive; sylvatic cycle,TRUE,FALSE,aedes luteocephalus,no_change,Aedes luteocephalus,aedes luteocephalus,species,FALSE,,aedes luteocephalus
Zika virus disease,zika virus disease,Aedes minutus,aedes minutus,mosquito,mosquito,candidate,review,lit_review,1,2,Senegal,Epelboin et al. 2017; Evans et al. 2017 Table 1,field infection; model predicted,TRUE,FALSE,aedes minutus,no_change,Aedes minutus,aedes minutus,species,FALSE,,aedes minutus
Zika virus disease,zika virus disease,Aedes neoafricanus,aedes neoafricanus,mosquito,mosquito,candidate,review,lit_review,1,2,Senegal,Epelboin et al. 2017; Evans et al. 2017 Table 1,field infection; model predicted,TRUE,FALSE,aedes neoafricanus,no_change,Aedes neoafricanus,aedes neoafricanus,species,FALSE,,aedes neoafricanus
Zika virus disease,zika virus disease,Aedes occidentalis,aedes occidentalis,mosquito,mosquito,candidate,review,lit_review,1,1,,Evans et al. 2017 Table 1,model predicted,TRUE,FALSE,aedes occidentalis,no_change,Aedes occidentalis,aedes occidentalis,species,FALSE,,aedes occidentalis
Zika virus disease,zika virus disease,Aedes opok,aedes opok,mosquito,mosquito,candidate,review,lit_review,1,2,Central African Republic,Epelboin et al. 2017; Evans et al. 2017 Table 1,field infection; model predicted,TRUE,FALSE,aedes opok,no_change,Aedes opok,aedes opok,species,FALSE,,aedes opok
Zika virus disease,zika virus disease,Aedes polynesiensis,aedes polynesiensis,mosquito,mosquito,candidate,review,lit_review,1,4,French Polynesia,Evans et al. 2017 Table 1; Gutierrez-Bugallo et al. 2019; Richard et al. 2016,model predicted; no infectious saliva; outbreak-associated; no confirmed transmission,TRUE,FALSE,aedes polynesiensis,no_change,Aedes polynesiensis,aedes polynesiensis,species,FALSE,,aedes polynesiensis
Zika virus disease,zika virus disease,Aedes scutellaris,aedes scutellaris,mosquito,mosquito,candidate,review,lit_review,1,1,,Evans et al. 2017 Table 1,model predicted,TRUE,FALSE,aedes scutellaris,no_change,Aedes scutellaris,aedes scutellaris,species,FALSE,,aedes scutellaris
Zika virus disease,zika virus disease,Aedes taeniarostris,aedes taeniarostris,mosquito,mosquito,weak,review,lit_review,1,2,,Gutierrez-Bugallo et al. 2019,infected only once,TRUE,FALSE,aedes taeniarostris,no_change,Aedes taeniarostris,aedes taeniarostris,species,FALSE,,aedes taeniarostris
Zika virus disease,zika virus disease,Aedes unilineatus,aedes unilineatus,mosquito,mosquito,weak,review,lit_review,1,3,Senegal,Epelboin et al. 2017; Gutierrez-Bugallo et al. 2019,infected only once; low infection; no transmission,TRUE,FALSE,aedes unilineatus,no_change,Aedes unilineatus,aedes unilineatus,species,FALSE,,aedes unilineatus
Zika virus disease,zika virus disease,Anopheles gambiae s.l.,anopheles gambiae s l,mosquito,mosquito,weak,review,lit_review,1,2,,Gutierrez-Bugallo et al. 2019,infected only once,TRUE,FALSE,anopheles gambiae s l,no_change,Anopheles gambiae s.l.,anopheles gambiae s l,sensu_lato,FALSE,,anopheles gambiae s l
Zika virus disease,zika virus disease,Culex perfuscus,culex perfuscus,mosquito,mosquito,candidate,review,lit_review,1,3,Senegal,Epelboin et al. 2017; Gutierrez-Bugallo et al. 2019,field isolate; infected only once,TRUE,FALSE,culex perfuscus,no_change,Culex perfuscus,culex perfuscus,species,FALSE,,culex perfuscus
Zika virus disease,zika virus disease,Culex pipiens biotype molestus,culex pipiens biotype molestus,mosquito,mosquito,weak,review,lit_review,1,1,Germany,Schulz and Becker 2018,not competent,TRUE,FALSE,culex pipiens biotype molestus,no_change,Culex pipiens biotype molestus,culex pipiens biotype molestus,infraspecific,FALSE,,culex pipiens biotype molestus
Zika virus disease,zika virus disease,Culex pipiens molestus,culex pipiens molestus,mosquito,mosquito,candidate,review,lit_review,1,1,,Evans et al. 2017 Table 1,model predicted,TRUE,FALSE,culex pipiens molestus,manual_map,Culex pipiens molestus,culex pipiens biotype molestus,species,FALSE,Collapsed molestus wording aligned to the curated vector table spelling.,culex pipiens biotype molestus
Zika virus disease,zika virus disease,Culex pipiens biotype pipiens,culex pipiens biotype pipiens,mosquito,mosquito,weak,review,lit_review,1,1,Germany,Schulz and Becker 2018,not competent,TRUE,FALSE,culex pipiens biotype pipiens,no_change,Culex pipiens biotype pipiens,culex pipiens biotype pipiens,infraspecific,FALSE,,culex pipiens biotype pipiens
Zika virus disease,zika virus disease,Culex rubinotus,culex rubinotus,mosquito,mosquito,candidate,review,lit_review,1,1,,Evans et al. 2017 Table 1,model predicted,TRUE,FALSE,culex rubinotus,no_change,Culex rubinotus,culex rubinotus,species,FALSE,,culex rubinotus
Zika virus disease,zika virus disease,Culex torrentium,culex torrentium,mosquito,mosquito,weak,review,lit_review,1,1,Germany,Schulz and Becker 2018,not competent,TRUE,FALSE,culex torrentium,no_change,Culex torrentium,culex torrentium,species,FALSE,,culex torrentium
Zika virus disease,zika virus disease,Eretmapodites inornatus,eretmapodites inornatus,mosquito,mosquito,weak,review,lit_review,1,2,,Gutierrez-Bugallo et al. 2019,infected only once,TRUE,FALSE,eretmapodites inornatus,no_change,Eretmapodites inornatus,eretmapodites inornatus,species,FALSE,,eretmapodites inornatus
Zika virus disease,zika virus disease,Eretmapodites quinquevittatus,eretmapodites quinquevittatus,mosquito,mosquito,weak,review,lit_review,1,2,,Gutierrez-Bugallo et al. 2019,infected only once,TRUE,FALSE,eretmapodites quinquevittatus,no_change,Eretmapodites quinquevittatus,eretmapodites quinquevittatus,species,FALSE,,eretmapodites quinquevittatus
Zika virus disease,zika virus disease,Runchomyia frontosa,runchomyia frontosa,mosquito,mosquito,candidate,review,lit_review,1,1,,Evans et al. 2017 Table 1,model predicted,TRUE,FALSE,runchomyia frontosa,no_change,Runchomyia frontosa,runchomyia frontosa,species,FALSE,,runchomyia frontosa
