"accession_base","broad_group","ictv_genus","ictv_subgenus","ictv_species","virus_name","isolate","accession","available_sequence","abbrev","candidate_role","proposed_active_unit","decision","decision_reason","support_status","ncbi_followup_hint","ictv_taxon_anchor","ictv_taxon_source","keep_reason","keep_rationale","keep_notes","source_rationale","source_notes","resolved_accession","ncbi_lookup_status","output_source","Completeness","Geographic Location","Geographic Region","Host Common Name","Host Name","Host Taxonomic ID","Is Annotated","Is Lab Host","Is Vaccine Strain","Isolate Collection date","Length","Protein count","Release date","Source database","Submitter Affiliation","Submitter Country","Submitter Names","Update date","Virus Common Name","Virus Infraspecific Names Isolate","Virus Name","Virus Taxonomic ID","host_name_record","host_name_current_override","host_override_note","host_name_datasets","host_name_record_or_override","host_name_current_curated"
"EF065509","Merbecovirus","Betacoronavirus","Merbecovirus","Betacoronavirus pipistrelli","Pipistrellus bat coronavirus HKU5","LMH03f","EF065509","Complete genome","Pi-BatCoV_HKU5","wildlife_group_exemplar","MERS-like bat merbecoviruses","keep_active","ICTV exemplar for a bat merbecovirus candidate group","active_unit","Pipistrellus bat coronavirus HKU5 | LMH03f | EF065509","Subgenus Merbecovirus","https://ictv.global/taxonomy/taxondetails?taxnode_id=202506125&taxon_name=Merbecovirus","host_link_and_zoonotic_potential_group","Retained as an active wildlife merbecovirus analysis group because host-link data and zoonotic concern exist even where direct human infection is unclear or absent.","Treat the listed viruses as supporting examples inside this group rather than splitting further for now.","ICTV exemplar for a bat merbecovirus candidate group","Use as a bat-merbecovirus group exemplar while collecting host and zoonotic-potential evidence.","EF065509.1","ok","stdout","COMPLETE","China: Guangdong province","Asia",,"Chiroptera",9397,"true","",,"",30482,9,"2007-02-07T00:00:00Z","GenBank","The University of Hong Kong, Microbiology","China","Woo,P.C.,Wang,M.,Lau,S.K.,Xu,H.,Poon,R.W.,Guo,R.,Wong,B.H.,Gao,K.,Tsoi,H.W.,Huang,Y.,Li,K.S.,Lam,C.S.,Chan,K.H.,Zheng,B.J.,Yuen,K.Y.,Woo,P.C.Y.,Lau,S.K.P.,Xu,H.F.,Poon,R.W.S.,Guo,R.T.,Wong,B.H.L.,Li,K.S.M.","2022-02-01T00:00:00Z",,,"Pipistrellus bat coronavirus HKU5",694008,"Pipistrellus abramus","","GenBank nuccore record shows /host=Pipistrellus abramus while NCBI Datasets summary returns the broader host label Chiroptera.","Chiroptera","Pipistrellus abramus","Pipistrellus abramus"
"EF065505","Merbecovirus","Betacoronavirus","Merbecovirus","Betacoronavirus tylonycteridis","Tylonycteris bat coronavirus HKU4","B04f","EF065505","Complete genome","Ty-BatCoV_HKU4","wildlife_group_exemplar","MERS-like bat merbecoviruses","keep_active","ICTV exemplar for a bat merbecovirus candidate group","active_unit","Tylonycteris bat coronavirus HKU4 | B04f | EF065505","Subgenus Merbecovirus","https://ictv.global/taxonomy/taxondetails?taxnode_id=202506125&taxon_name=Merbecovirus","host_link_and_zoonotic_potential_group","Retained as an active wildlife merbecovirus analysis group because host-link data and zoonotic concern exist even where direct human infection is unclear or absent.","Treat the listed viruses as supporting examples inside this group rather than splitting further for now.","ICTV exemplar for a bat merbecovirus candidate group","Use as a bat-merbecovirus group exemplar while collecting host and zoonotic-potential evidence.","EF065505.1","ok","stdout","COMPLETE","China: Guangdong province","Asia",,"Chiroptera",9397,"true","",,"",30286,9,"2007-02-07T00:00:00Z","GenBank","The University of Hong Kong, Microbiology","China","Woo,P.C.,Wang,M.,Lau,S.K.,Xu,H.,Poon,R.W.,Guo,R.,Wong,B.H.,Gao,K.,Tsoi,H.W.,Huang,Y.,Li,K.S.,Lam,C.S.,Chan,K.H.,Zheng,B.J.,Yuen,K.Y.,Woo,P.C.Y.,Lau,S.K.P.,Xu,H.F.,Poon,R.W.S.,Guo,R.T.,Wong,B.H.L.,Li,K.S.M.","2022-02-01T00:00:00Z",,,"Tylonycteris bat coronavirus HKU4",694007,"Tylonycteris pachypus","","GenBank nuccore record shows /host=Tylonycteris pachypus while NCBI Datasets summary returns the broader host label Chiroptera.","Chiroptera","Tylonycteris pachypus","Tylonycteris pachypus"
"KC869678","Merbecovirus","Betacoronavirus","Merbecovirus","","NeoCoV","NeoCoV","KC869678","Complete genome","NeoCoV","supporting_named_example","MERS-like bat merbecoviruses","keep_supporting_example","Named merbecovirus example highlighted for zoonotic-potential review","supporting_example","NeoCoV | NeoCoV","Subgenus Merbecovirus","https://ictv.global/taxonomy/taxondetails?taxnode_id=202506125&taxon_name=Merbecovirus","host_link_and_zoonotic_potential_group","Retained as an active wildlife merbecovirus analysis group because host-link data and zoonotic concern exist even where direct human infection is unclear or absent.","Treat the listed viruses as supporting examples inside this group rather than splitting further for now.","Named merbecovirus example highlighted for zoonotic-potential review","Master list bat merbecovirus example with published receptor-binding concern and an NCBI accession available for enrichment.","KC869678.4","ok","stdout","COMPLETE","South Africa","Africa",,"Laephotis capensis",110938,"true","",,"2011",30111,11,"2013-07-30T00:00:00Z","GenBank","Stellenbosch University, Division of Medical Virology, Pathology","South Africa","Ithete,N.L.,Stoffberg,S.,Corman,V.M.,Cottontail,V.M.,Richards,L.R.,Schoeman,M.C.,Drosten,C.,Drexler,J.F.,Preiser,W.,Stoffberg Hockey,S.,Richards,L.","2014-11-13T00:00:00Z",,,"Coronavirus Neoromicia/PML-PHE1/RSA/2011",1368314,"Neoromicia capensis","Laephotis capensis","GenBank nuccore record shows /host=Neoromicia capensis; NCBI Datasets normalizes this to the current taxonomy Laephotis capensis.","Laephotis capensis","Neoromicia capensis","Laephotis capensis"
"JX869059","Merbecovirus","Betacoronavirus","Merbecovirus","Betacoronavirus cameli","Middle East respiratory syndrome-related coronavirus","HCoV-EMC","JX869059","Complete genome","MERS-CoV","active_unit_exemplar","MERS-CoV","keep_active","ICTV exemplar for MERS-CoV","active_unit","Middle East respiratory syndrome-related coronavirus | HCoV-EMC | JX869059","Subgenus Merbecovirus","https://ictv.global/taxonomy/taxondetails?taxnode_id=202506125&taxon_name=Merbecovirus","ICTV exemplar for MERS-CoV","ICTV exemplar for MERS-CoV","Formal ICTV exemplar row for the MERS virus.","ICTV exemplar for MERS-CoV","Formal ICTV exemplar row for the MERS virus.","JX869059.2","ok","stdout","COMPLETE","","",,"Homo sapiens",9606,"true","",,"2012-06-13",30119,11,"2012-09-27T00:00:00Z","GenBank","Erasmus MC, Viroscience Lab","Netherlands","van Boheemen,S.,de Graaf,M.,Lauber,C.,Bestebroer,T.M.,Raj,V.S.,Zaki,A.M.,Osterhaus,A.D.,Haagmans,B.L.,Gorbalenya,A.E.,Snijder,E.J.,Fouchier,R.A.,Victor,S.R.,Osterhaus,A.D.M.E.,Fouchier,R.A.M.","2012-12-04T00:00:00Z",,,"Human betacoronavirus 2c EMC/2012",1235996,,,,"Homo sapiens","Homo sapiens","Homo sapiens"
"MN996532","Sarbecovirus","Betacoronavirus","Sarbecovirus","","Bat coronavirus RaTG13","RaTG13","MN996532","Complete genome","RaTG13","supporting_named_example","SARS-like bat sarbecoviruses","keep_supporting_example","Named sarbecovirus example highlighted for zoonotic-potential review","supporting_example","Bat coronavirus RaTG13 | RaTG13","Subgenus Sarbecovirus","https://ictv.global/taxonomy/taxondetails?taxnode_id=202506129&taxon_name=Sarbecovirus","host_link_and_zoonotic_potential_group","Retained as an active wildlife sarbecovirus analysis group because host-link data and zoonotic concern exist even where direct human infection is unclear or absent.","Treat the listed viruses as supporting examples inside this group rather than splitting further for now.","Named sarbecovirus example highlighted for zoonotic-potential review","Master list bat sarbecovirus example with an NCBI accession available for host/location enrichment.","MN996532.2","ok","stdout","COMPLETE","China","Asia",,"Rhinolophus affinis",59477,"true","",,"2013-07-24",29855,10,"2020-01-29T00:00:00Z","GenBank","Wuhan Institute of Virology, Center for Biosafety Mega-Science, Chinese Academy of Sciences, CAS Key Laboratory of Special Pathogens","China","Zhou,P.,Yang,X.-L.,Wang,X.-G.,Hu,B.,Zhang,L.,Zhang,W.,Si,H.-R.,Zhu,Y.,Li,B.,Huang,C.-L.,Chen,H.-D.,Chen,J.,Luo,Y.,Guo,H.,Jiang,R.-D.,Liu,M.-Q.,Chen,Y.,Shen,X.-R.,Wang,X.,Zheng,X.-S.,Zhao,K.,Chen,Q.-J.,Deng,F.,Liu,L.-L.,Yan,B.,Zhan,F.-X.,Wang,Y.-Y.,Xiao,G.-F.,Shi,Z.-L.,Yu,P.,Si,H.R.,Yang,X.L.,Shi,Z.L.","2020-11-24T00:00:00Z",,,"Bat coronavirus RaTG13",2709072,,,,"Rhinolophus affinis","Rhinolophus affinis","Rhinolophus affinis"
"AY274119","Sarbecovirus","Betacoronavirus","Sarbecovirus","Betacoronavirus pandemicum","severe acute respiratory syndrome coronavirus","Tor2","AY274119","Complete genome","SARS-CoV","active_unit_exemplar","SARS-CoV-1","keep_active","ICTV exemplar for SARS-CoV-1","active_unit","severe acute respiratory syndrome coronavirus | Tor2 | AY274119","Subgenus Sarbecovirus","https://ictv.global/taxonomy/taxondetails?taxnode_id=202506129&taxon_name=Sarbecovirus","ICTV exemplar for SARS-CoV-1","ICTV exemplar for SARS-CoV-1","Formal ICTV exemplar row for the first SARS outbreak virus.","ICTV exemplar for SARS-CoV-1","Formal ICTV exemplar row for the first SARS outbreak virus.","AY274119.3","ok","stdout","COMPLETE","Canada: Toronto","North America",,"Homo sapiens",9606,"true","",,"",29751,14,"2003-04-14T00:00:00Z","GenBank","British Columbia Cancer Research Centre, Genome Sciences Centre","Canada","He,R.,Dobie,F.,Ballantine,M.,Leeson,A.,Li,Y.,Bastien,N.,Cutts,T.,Andonov,A.,Cao,J.,Booth,T.F.,Plummer,F.A.,Tyler,S.,Baker,L.,Li,X.","2020-05-27T00:00:00Z",,,"SARS coronavirus Tor2",227984,,,,"Homo sapiens","Homo sapiens","Homo sapiens"
"KC545383","Merbecovirus","Betacoronavirus","Merbecovirus","Betacoronavirus erinacei","hedgehog coronavirus 1; Erinaceus europaeus coronavirus 1","2012-174/GER/2012","KC545383","Complete genome","EriCoV1","supporting_example","Merbecovirus review set","keep_supporting_example","Extra ICTV merbecovirus exemplar, not part of the initial active set","supporting_example","hedgehog coronavirus 1; Erinaceus europaeus coronavirus 1 | 2012-174/GER/2012","Subgenus Merbecovirus","https://ictv.global/taxonomy/taxondetails?taxnode_id=202506125&taxon_name=Merbecovirus","Extra ICTV merbecovirus exemplar, not part of the initial active set","Extra ICTV merbecovirus exemplar, not part of the initial active set","Useful as a reference candidate but not one of the initial active host-distribution targets.","Extra ICTV merbecovirus exemplar, not part of the initial active set","Useful as a reference candidate but not one of the initial active host-distribution targets.","KC545383.1","ok","stdout","COMPLETE","Germany","Europe",,"Erinaceus europaeus",9365,"true","",,"2012",30148,12,"2013-10-21T00:00:00Z","GenBank","University of Bonn Medical Centre, Institute of Virology","Germany","Corman,V.M.,Kallies,R.,Philipps,H.,Gopner,G.,Muller,M.A.,Eckerle,I.,Brunink,S.,Drosten,C.,Drexler,J.F.","2014-03-11T00:00:00Z",,,"Betacoronavirus Erinaceus/VMC/DEU/2012",1385427,,,,"Erinaceus europaeus","Erinaceus europaeus","Erinaceus europaeus"
"EF065506","Merbecovirus","Betacoronavirus","Merbecovirus","","Bat coronavirus HKU4-2","HKU4-2","EF065506","GenBank accession provided","HKU4-2","supporting_tree_example","MERS-like bat merbecoviruses","keep_supporting_example","Wildlife merbecovirus isolate variant promoted from the NCBI taxonomy tree","supporting_example","Bat coronavirus HKU4-2 | HKU4-2","Subgenus Merbecovirus","https://www.ncbi.nlm.nih.gov/Taxonomy/Browser/wwwtax.cgi?command=show&mode=tree&id=2509494&lvl=3","host_link_and_zoonotic_potential_group","Retained as an active wildlife merbecovirus analysis group because host-link data and zoonotic concern exist even where direct human infection is unclear or absent.","Treat the listed viruses as supporting examples inside this group rather than splitting further for now.","Wildlife merbecovirus isolate variant promoted from the NCBI taxonomy tree","Added from the Merbecovirus taxonomy tree as a named HKU4 isolate variant. Manual nuccore lookup pinned accession EF065506.1.","EF065506.1","ok","stdout","COMPLETE","China: Guangdong province","Asia",,"Chiroptera",9397,"true","",,"",30286,9,"2007-02-07T00:00:00Z","GenBank","The University of Hong Kong, Microbiology","China","Woo,P.C.,Wang,M.,Lau,S.K.,Xu,H.,Poon,R.W.,Guo,R.,Wong,B.H.,Gao,K.,Tsoi,H.W.,Huang,Y.,Li,K.S.,Lam,C.S.,Chan,K.H.,Zheng,B.J.,Yuen,K.Y.,Woo,P.C.Y.,Lau,S.K.P.,Xu,H.F.,Poon,R.W.S.,Guo,R.T.,Wong,B.H.L.,Li,K.S.M.","2007-02-07T00:00:00Z",,,"Bat coronavirus HKU4-2",424360,,,,"Chiroptera","Chiroptera","Chiroptera"
"EF065507","Merbecovirus","Betacoronavirus","Merbecovirus","","Bat coronavirus HKU4-3","HKU4-3","EF065507","GenBank accession provided","HKU4-3","supporting_tree_example","MERS-like bat merbecoviruses","keep_supporting_example","Wildlife merbecovirus isolate variant promoted from the NCBI taxonomy tree","supporting_example","Bat coronavirus HKU4-3 | HKU4-3","Subgenus Merbecovirus","https://www.ncbi.nlm.nih.gov/Taxonomy/Browser/wwwtax.cgi?command=show&mode=tree&id=2509494&lvl=3","host_link_and_zoonotic_potential_group","Retained as an active wildlife merbecovirus analysis group because host-link data and zoonotic concern exist even where direct human infection is unclear or absent.","Treat the listed viruses as supporting examples inside this group rather than splitting further for now.","Wildlife merbecovirus isolate variant promoted from the NCBI taxonomy tree","Added from the Merbecovirus taxonomy tree as a named HKU4 isolate variant. Manual nuccore lookup pinned accession EF065507.1.","EF065507.1","ok","stdout","COMPLETE","China: Guangdong province","Asia",,"Chiroptera",9397,"true","",,"",30286,9,"2007-02-07T00:00:00Z","GenBank","The University of Hong Kong, Microbiology","China","Woo,P.C.,Wang,M.,Lau,S.K.,Xu,H.,Poon,R.W.,Guo,R.,Wong,B.H.,Gao,K.,Tsoi,H.W.,Huang,Y.,Li,K.S.,Lam,C.S.,Chan,K.H.,Zheng,B.J.,Yuen,K.Y.,Woo,P.C.Y.,Lau,S.K.P.,Xu,H.F.,Poon,R.W.S.,Guo,R.T.,Wong,B.H.L.,Li,K.S.M.","2007-02-07T00:00:00Z",,,"Bat coronavirus HKU4-3",424361,,,,"Chiroptera","Chiroptera","Chiroptera"
"EF065508","Merbecovirus","Betacoronavirus","Merbecovirus","","Bat coronavirus HKU4-4","HKU4-4","EF065508","GenBank accession provided","HKU4-4","supporting_tree_example","MERS-like bat merbecoviruses","keep_supporting_example","Wildlife merbecovirus isolate variant promoted from the NCBI taxonomy tree","supporting_example","Bat coronavirus HKU4-4 | HKU4-4","Subgenus Merbecovirus","https://www.ncbi.nlm.nih.gov/Taxonomy/Browser/wwwtax.cgi?command=show&mode=tree&id=2509494&lvl=3","host_link_and_zoonotic_potential_group","Retained as an active wildlife merbecovirus analysis group because host-link data and zoonotic concern exist even where direct human infection is unclear or absent.","Treat the listed viruses as supporting examples inside this group rather than splitting further for now.","Wildlife merbecovirus isolate variant promoted from the NCBI taxonomy tree","Added from the Merbecovirus taxonomy tree as a named HKU4 isolate variant. Manual nuccore lookup pinned accession EF065508.1.","EF065508.1","ok","stdout","COMPLETE","China: Guangdong province","Asia",,"Chiroptera",9397,"true","",,"",30316,9,"2007-02-07T00:00:00Z","GenBank","The University of Hong Kong, Microbiology","China","Woo,P.C.,Wang,M.,Lau,S.K.,Xu,H.,Poon,R.W.,Guo,R.,Wong,B.H.,Gao,K.,Tsoi,H.W.,Huang,Y.,Li,K.S.,Lam,C.S.,Chan,K.H.,Zheng,B.J.,Yuen,K.Y.,Woo,P.C.Y.,Lau,S.K.P.,Xu,H.F.,Poon,R.W.S.,Guo,R.T.,Wong,B.H.L.,Li,K.S.M.","2007-02-07T00:00:00Z",,,"Bat coronavirus HKU4-4",424362,,,,"Chiroptera","Chiroptera","Chiroptera"
"EF065510","Merbecovirus","Betacoronavirus","Merbecovirus","","Bat coronavirus HKU5-2","HKU5-2","EF065510","GenBank accession provided","HKU5-2","supporting_tree_example","MERS-like bat merbecoviruses","keep_supporting_example","Wildlife merbecovirus isolate variant promoted from the NCBI taxonomy tree","supporting_example","Bat coronavirus HKU5-2 | HKU5-2","Subgenus Merbecovirus","https://www.ncbi.nlm.nih.gov/Taxonomy/Browser/wwwtax.cgi?command=show&mode=tree&id=2509494&lvl=3","host_link_and_zoonotic_potential_group","Retained as an active wildlife merbecovirus analysis group because host-link data and zoonotic concern exist even where direct human infection is unclear or absent.","Treat the listed viruses as supporting examples inside this group rather than splitting further for now.","Wildlife merbecovirus isolate variant promoted from the NCBI taxonomy tree","Added from the Merbecovirus taxonomy tree as a named HKU5 isolate variant. Manual nuccore lookup pinned accession EF065510.1.","EF065510.1","ok","stdout","COMPLETE","China: Guangdong province","Asia",,"Chiroptera",9397,"true","",,"",30488,9,"2007-02-07T00:00:00Z","GenBank","The University of Hong Kong, Microbiology","China","Woo,P.C.,Wang,M.,Lau,S.K.,Xu,H.,Poon,R.W.,Guo,R.,Wong,B.H.,Gao,K.,Tsoi,H.W.,Huang,Y.,Li,K.S.,Lam,C.S.,Chan,K.H.,Zheng,B.J.,Yuen,K.Y.,Woo,P.C.Y.,Lau,S.K.P.,Xu,H.F.,Poon,R.W.S.,Guo,R.T.,Wong,B.H.L.,Li,K.S.M.","2007-02-07T00:00:00Z",,,"Bat coronavirus HKU5-2",424364,,,,"Chiroptera","Chiroptera","Chiroptera"
"EF065511","Merbecovirus","Betacoronavirus","Merbecovirus","","Bat coronavirus HKU5-3","HKU5-3","EF065511","GenBank accession provided","HKU5-3","supporting_tree_example","MERS-like bat merbecoviruses","keep_supporting_example","Wildlife merbecovirus isolate variant promoted from the NCBI taxonomy tree","supporting_example","Bat coronavirus HKU5-3 | HKU5-3","Subgenus Merbecovirus","https://www.ncbi.nlm.nih.gov/Taxonomy/Browser/wwwtax.cgi?command=show&mode=tree&id=2509494&lvl=3","host_link_and_zoonotic_potential_group","Retained as an active wildlife merbecovirus analysis group because host-link data and zoonotic concern exist even where direct human infection is unclear or absent.","Treat the listed viruses as supporting examples inside this group rather than splitting further for now.","Wildlife merbecovirus isolate variant promoted from the NCBI taxonomy tree","Added from the Merbecovirus taxonomy tree as a named HKU5 isolate variant. Manual nuccore lookup pinned accession EF065511.1.","EF065511.1","ok","stdout","COMPLETE","China: Guangdong province","Asia",,"Chiroptera",9397,"true","",,"",30488,9,"2007-02-07T00:00:00Z","GenBank","The University of Hong Kong, Microbiology","China","Woo,P.C.,Wang,M.,Lau,S.K.,Xu,H.,Poon,R.W.,Guo,R.,Wong,B.H.,Gao,K.,Tsoi,H.W.,Huang,Y.,Li,K.S.,Lam,C.S.,Chan,K.H.,Zheng,B.J.,Yuen,K.Y.,Woo,P.C.Y.,Lau,S.K.P.,Xu,H.F.,Poon,R.W.S.,Guo,R.T.,Wong,B.H.L.,Li,K.S.M.","2007-02-07T00:00:00Z",,,"Bat coronavirus HKU5-3",424365,,,,"Chiroptera","Chiroptera","Chiroptera"
"EF065512","Merbecovirus","Betacoronavirus","Merbecovirus","","Bat coronavirus HKU5-5","HKU5-5","EF065512","GenBank accession provided","HKU5-5","supporting_tree_example","MERS-like bat merbecoviruses","keep_supporting_example","Wildlife merbecovirus isolate variant promoted from the NCBI taxonomy tree","supporting_example","Bat coronavirus HKU5-5 | HKU5-5","Subgenus Merbecovirus","https://www.ncbi.nlm.nih.gov/Taxonomy/Browser/wwwtax.cgi?command=show&mode=tree&id=2509494&lvl=3","host_link_and_zoonotic_potential_group","Retained as an active wildlife merbecovirus analysis group because host-link data and zoonotic concern exist even where direct human infection is unclear or absent.","Treat the listed viruses as supporting examples inside this group rather than splitting further for now.","Wildlife merbecovirus isolate variant promoted from the NCBI taxonomy tree","Added from the Merbecovirus taxonomy tree as a named HKU5 isolate variant. Manual nuccore lookup pinned accession EF065512.1.","EF065512.1","ok","stdout","COMPLETE","China: Guangdong province","Asia",,"Chiroptera",9397,"true","",,"",30487,9,"2007-02-07T00:00:00Z","GenBank","The University of Hong Kong, Microbiology","China","Woo,P.C.,Wang,M.,Lau,S.K.,Xu,H.,Poon,R.W.,Guo,R.,Wong,B.H.,Gao,K.,Tsoi,H.W.,Huang,Y.,Li,K.S.,Lam,C.S.,Chan,K.H.,Zheng,B.J.,Yuen,K.Y.,Woo,P.C.Y.,Lau,S.K.P.,Xu,H.F.,Poon,R.W.S.,Guo,R.T.,Wong,B.H.L.,Li,K.S.M.","2007-02-07T00:00:00Z",,,"Bat coronavirus HKU5-5",424366,,,,"Chiroptera","Chiroptera","Chiroptera"
"KX574227","Merbecovirus","Betacoronavirus","Merbecovirus","","Bat coronavirus isolate PREDICT/PDF-2180","PDF-2180","KX574227","Complete genome","PDF-2180","supporting_named_example","MERS-like bat merbecoviruses","keep_supporting_example","Named merbecovirus example highlighted for zoonotic-potential review","supporting_example","Bat coronavirus isolate PREDICT/PDF-2180 | PDF-2180","Subgenus Merbecovirus","https://ictv.global/taxonomy/taxondetails?taxnode_id=202506125&taxon_name=Merbecovirus","host_link_and_zoonotic_potential_group","Retained as an active wildlife merbecovirus analysis group because host-link data and zoonotic concern exist even where direct human infection is unclear or absent.","Treat the listed viruses as supporting examples inside this group rather than splitting further for now.","Named merbecovirus example highlighted for zoonotic-potential review","Master list bat merbecovirus example. Restored with the GenBank accession KX574227.1; NC_034440.1 is the matching RefSeq companion if needed for later comparison.","KX574227.1","ok","stdout","COMPLETE","Uganda","Africa",,"Pipistrellus",27671,"true","",,"2013-02-20",29642,10,"2017-04-24T00:00:00Z","GenBank","Columbia University, Center for Infection and Immunity","USA","Anthony,S.J.,Gilardi,K.,Menachery,V.D.,Goldstein,T.,Ssebide,B.,Mbabazi,R.,Navarrete-Macias,I.,Liang,E.,Wells,H.,Hicks,A.,Petrosov,A.,Byarugaba,D.K.,Debbink,K.,Dinnon,K.H.,Scobey,T.,Randell,S.H.,Yount,B.L.,Cranfield,M.,Johnson,C.K.,Baric,R.S.,Lipkin,W.I.,Mazet,J.A.,Gilardi,K.V.,Wells,H.L.,Hicks,A.L.,Byarugaba,D.,Mazet,J.K.","2019-02-26T00:00:00Z",,,"Bat coronavirus",1508220,,,,"Pipistrellus","Pipistrellus","Pipistrellus"
"KJ473820","Merbecovirus","Betacoronavirus","Merbecovirus","","BtPa-BetaCoV/GD2013","BtPa-BetaCoV/GD2013","KJ473820","GenBank accession provided","GD2013","supporting_tree_example","MERS-like bat merbecoviruses","keep_supporting_example","Wildlife merbecovirus example promoted from the NCBI taxonomy tree","supporting_example","BtPa-BetaCoV/GD2013 | BtPa-BetaCoV/GD2013","Subgenus Merbecovirus","https://www.ncbi.nlm.nih.gov/Taxonomy/Browser/wwwtax.cgi?command=show&mode=tree&id=2509494&lvl=3","host_link_and_zoonotic_potential_group","Retained as an active wildlife merbecovirus analysis group because host-link data and zoonotic concern exist even where direct human infection is unclear or absent.","Treat the listed viruses as supporting examples inside this group rather than splitting further for now.","Wildlife merbecovirus example promoted from the NCBI taxonomy tree","Added from the Merbecovirus taxonomy tree as an HKU5-lineage supporting example. Manual nuccore lookup pinned accession KJ473820.1.","KJ473820.1","ok","stdout","COMPLETE","China","Asia",,"Pipistrellus abramus",105295,"true","",,"2013",30480,9,"2015-12-31T00:00:00Z","GenBank","Institute of Pathogen Biology, MOH Key Laboratory of Systems Biology of Pathogens","China","Wu,Z.,Yang,L.,Ren,X.,Zhang,J.,Yang,F.,Zhang,S.,Jin,Q.,He,G.,Yang,J.,Qian,Z.,Dong,J.,Sun,L.,Zhu,Y.,Du,J.","2017-07-07T00:00:00Z",,,"BtPa-BetaCoV/GD2013",1503295,,,,"Pipistrellus abramus","Pipistrellus abramus","Pipistrellus abramus"
"KJ473822","Merbecovirus","Betacoronavirus","Merbecovirus","","BtTp-BetaCoV/GX2012","BtTp-BetaCoV/GX2012","KJ473822","GenBank accession provided","GX2012","supporting_tree_example","MERS-like bat merbecoviruses","keep_supporting_example","Wildlife merbecovirus example promoted from the NCBI taxonomy tree","supporting_example","BtTp-BetaCoV/GX2012 | BtTp-BetaCoV/GX2012","Subgenus Merbecovirus","https://www.ncbi.nlm.nih.gov/Taxonomy/Browser/wwwtax.cgi?command=show&mode=tree&id=2509494&lvl=3","host_link_and_zoonotic_potential_group","Retained as an active wildlife merbecovirus analysis group because host-link data and zoonotic concern exist even where direct human infection is unclear or absent.","Treat the listed viruses as supporting examples inside this group rather than splitting further for now.","Wildlife merbecovirus example promoted from the NCBI taxonomy tree","Added from the Merbecovirus taxonomy tree as an HKU4-lineage supporting example. Manual nuccore lookup pinned accession KJ473822.1.","KJ473822.1","ok","stdout","COMPLETE","China","Asia",,"Tylonycteris pachypus",258959,"true","",,"2012",30247,9,"2015-12-31T00:00:00Z","GenBank","Institute of Pathogen Biology, MOH Key Laboratory of Systems Biology of Pathogens","China","Wu,Z.,Yang,L.,Ren,X.,Zhang,J.,Yang,F.,Zhang,S.,Jin,Q.,He,G.,Yang,J.,Qian,Z.,Dong,J.,Sun,L.,Zhu,Y.,Du,J.","2017-07-07T00:00:00Z",,,"BtTp-BetaCoV/GX2012",1503304,,,,"Tylonycteris pachypus","Tylonycteris pachypus","Tylonycteris pachypus"
"KJ473821","Merbecovirus","Betacoronavirus","Merbecovirus","","BtVs-BetaCoV/SC2013","BtVs-BetaCoV/SC2013","KJ473821","Complete genome","BtVs-BetaCoV/SC2013","supporting_named_example","MERS-like bat merbecoviruses","keep_supporting_example","Named merbecovirus example highlighted for zoonotic-potential review","supporting_example","BtVs-BetaCoV/SC2013 | BtVs-BetaCoV/SC2013","Subgenus Merbecovirus","https://ictv.global/taxonomy/taxondetails?taxnode_id=202506125&taxon_name=Merbecovirus","host_link_and_zoonotic_potential_group","Retained as an active wildlife merbecovirus analysis group because host-link data and zoonotic concern exist even where direct human infection is unclear or absent.","Treat the listed viruses as supporting examples inside this group rather than splitting further for now.","Named merbecovirus example highlighted for zoonotic-potential review","Master list bat merbecovirus example from Vespertilio superans with an NCBI accession available for enrichment.","KJ473821.1","ok","stdout","COMPLETE","China","Asia",,"Vespertilio sinensis",105273,"true","",,"",30423,10,"2014-05-06T00:00:00Z","GenBank","Institute of Pathogen Biology, MOH Key Laboratory of Systems Biology of Pathogens","China","Yang,L.,Wu,Z.,Ren,X.,Yang,F.,Zhang,J.,He,G.,Dong,J.,Sun,L.,Zhu,Y.,Zhang,S.,Jin,Q.,Yang,J.,Qian,Z.,Du,J.","2017-07-07T00:00:00Z",,,"BtVs-BetaCoV/SC2013",1495253,,,,"Vespertilio sinensis","Vespertilio sinensis","Vespertilio sinensis"
"EU373658","Vesiculovirus","Vesiculovirus","","Vesiculovirus alagoas","vesicular stomatitis Alagoas virus","Indiana 3","EU373658","Complete genome","VSAV","supporting_example","Vesiculovirus review set","keep_supporting_example","ICTV vesiculovirus species candidate, not in the initial active vesicular-stomatitis pair","supporting_example","vesicular stomatitis Alagoas virus | Indiana 3","","","ICTV vesiculovirus species candidate, not in the initial active vesicular-stomatitis pair","ICTV vesiculovirus species candidate, not in the initial active vesicular-stomatitis pair","Useful supporting species for later Vesiculovirus review.","ICTV vesiculovirus species candidate, not in the initial active vesicular-stomatitis pair","Useful supporting species for later Vesiculovirus review.","EU373658.1","ok","stdout","COMPLETE","Brazil","South America",,"Equus asinus x Equus caballus",319699,"","",,"1964",11070,5,"2008-06-11T00:00:00Z","GenBank","Plum Island Animal Disease Center, ARS","USA","Pauszek,S.J.,Allende,R.,Rodriguez,L.L.","2008-06-23T00:00:00Z",,,"Vesicular stomatitis Alagoas virus",198833,,,,"Equus asinus x Equus caballus","Equus asinus x Equus caballus","Equus asinus x Equus caballus"
"MT726044","Sarbecovirus","Betacoronavirus","Sarbecovirus","","Bat coronavirus isolate PREDICT/PDF-2370/OTBA35RSV","PDF-2370","MT726044","Complete genome","PDF-2370","supporting_named_example","SARS-like bat sarbecoviruses","keep_supporting_example","Named sarbecovirus example highlighted for zoonotic-potential review","supporting_example","Bat coronavirus isolate PREDICT/PDF-2370/OTBA35RSV | PDF-2370","Subgenus Sarbecovirus","https://ictv.global/taxonomy/taxondetails?taxnode_id=202506129&taxon_name=Sarbecovirus","host_link_and_zoonotic_potential_group","Retained as an active wildlife sarbecovirus analysis group because host-link data and zoonotic concern exist even where direct human infection is unclear or absent.","Treat the listed viruses as supporting examples inside this group rather than splitting further for now.","Named sarbecovirus example highlighted for zoonotic-potential review","Master list bat sarbecovirus example. Restored with the NCBI accession MT726044.1, but keep in mind the record metadata should still be manually reconciled against Master list shorthand location description.","MT726044.1","ok","stdout","COMPLETE","Uganda","Africa",,"Rhinolophus",49442,"true","",,"2013-05-30",29243,9,"2021-04-06T00:00:00Z","GenBank","Columbia University, Center for Infection and Immunity, Mailman School of Public Health","USA","Wells,H.L.,Letko,M.,Lasso,G.,Ssebide,B.,Nziza,J.,Byarugaba,D.K.,Navarrete-Macias,I.,Liang,E.,Cranfield,M.,Han,B.A.,Tingley,M.W.,Diuk-Wasser,M.,Goldstein,T.,Johnson,C.K.,Mazet,J.A.K.,Chandran,K.,Munster,V.J.,Gilardi,K.,Anthony,S.J.,Mazet,J.","2022-07-08T00:00:00Z",,,"Bat coronavirus",1508220,,,,"Rhinolophus","Rhinolophus","Rhinolophus"
"MN908947","Sarbecovirus","Betacoronavirus","Sarbecovirus","Betacoronavirus pandemicum","severe acute respiratory syndrome coronavirus 2","Wuhan-Hu-1","MN908947","Complete genome","SARS-CoV-2","active_unit_exemplar","SARS-CoV-2","keep_active","ICTV exemplar for SARS-CoV-2","active_unit","severe acute respiratory syndrome coronavirus 2 | Wuhan-Hu-1 | MN908947","Subgenus Sarbecovirus","https://ictv.global/taxonomy/taxondetails?taxnode_id=202506129&taxon_name=Sarbecovirus","ICTV exemplar for SARS-CoV-2","ICTV exemplar for SARS-CoV-2","Formal ICTV exemplar row for the COVID-19 virus.","ICTV exemplar for SARS-CoV-2","Formal ICTV exemplar row for the COVID-19 virus.","MN908947.3","ok","stdout","COMPLETE","China","Asia",,"Homo sapiens",9606,"true","",,"2019-12",29903,10,"2020-01-12T00:00:00Z","GenBank","Fudan University, Shanghai Public Health Clinical Center & School of Public Health","China","Wu,F.,Zhao,S.,Yu,B.,Chen,Y.M.,Wang,W.,Song,Z.G.,Hu,Y.,Tao,Z.W.,Tian,J.H.,Pei,Y.Y.,Yuan,M.L.,Zhang,Y.L.,Dai,F.H.,Liu,Y.,Wang,Q.M.,Zheng,J.J.,Xu,L.,Holmes,E.C.,Zhang,Y.Z.,Chen,Y.-M.,Song,Z.-G.,Tao,Z.-W.,Tian,J.-H.,Pei,Y.-Y.,Zhang,Y.-L.,Dai,F.-H.,Wang,Q.-M.,Zheng,J.-J.,Zhang,Y.-Z.","2020-03-18T00:00:00Z",,,"Severe acute respiratory syndrome coronavirus 2",2697049,,,,"Homo sapiens","Homo sapiens","Homo sapiens"
"KY352407","Sarbecovirus","Betacoronavirus","Sarbecovirus","Betacoronavirus pandemicum","severe acute respiratory syndrome-related coronavirus","BtKY72","KY352407","Complete genome","SARSr-CoV","wildlife_group_exemplar","SARS-like bat sarbecoviruses","keep_active","ICTV exemplar for a bat sarbecovirus candidate group","active_unit","severe acute respiratory syndrome-related coronavirus | BtKY72 | KY352407","Subgenus Sarbecovirus","https://ictv.global/taxonomy/taxondetails?taxnode_id=202506129&taxon_name=Sarbecovirus","host_link_and_zoonotic_potential_group","Retained as an active wildlife sarbecovirus analysis group because host-link data and zoonotic concern exist even where direct human infection is unclear or absent.","Treat the listed viruses as supporting examples inside this group rather than splitting further for now.","ICTV exemplar for a bat sarbecovirus candidate group","Keep as the bat-sarbecovirus group exemplar while collecting additional NCBI names and host data.","KY352407.1","ok","stdout","COMPLETE","Kenya","Africa",,"Rhinolophus",49442,"true","",,"2007-08",29274,10,"2018-12-31T00:00:00Z","GenBank","Centers for Disease Control and Prevention, Division of Viral Diseases","USA","Tao,Y.,Tong,S.,Chommanard,C.,Kuzmin,I.","2020-02-05T00:00:00Z",,,"Severe acute respiratory syndrome-related coronavirus",694009,,,,"Rhinolophus","Rhinolophus","Rhinolophus"
"AY613950","Sarbecovirus","Betacoronavirus","Sarbecovirus","Betacoronavirus pandemicum","SARS coronavirus","PC4-227","AY613950","Complete genome","SARS-CoV","supporting_exemplar","SARS-CoV-1","keep_supporting_example","Second ICTV exemplar for SARS-CoV-1","supporting_example","SARS coronavirus | PC4-227","Subgenus Sarbecovirus","https://ictv.global/taxonomy/taxondetails?taxnode_id=202506129&taxon_name=Sarbecovirus","Second ICTV exemplar for SARS-CoV-1","Second ICTV exemplar for SARS-CoV-1","Use as supporting evidence for the SARS-CoV-1 analytic unit.","Second ICTV exemplar for SARS-CoV-1","Use as supporting evidence for the SARS-CoV-1 analytic unit.","AY613950.1","ok","stdout","COMPLETE","China","Asia",,"Paradoxurus hermaphroditus",71117,"","",,"",29728,,"2005-01-28T00:00:00Z","GenBank","Shanghai Institute of Hematology","China","Song,H.D.,Tu,C.C.,Zhang,G.W.,Wang,S.Y.,Zheng,K.,Lei,L.C.,Chen,Q.X.,Gao,Y.W.,Zhou,H.Q.,Xiang,H.,Zheng,H.J.,Chern,S.W.,Cheng,F.,Pan,C.M.,Xuan,H.,Chen,S.J.,Luo,H.M.,Zhou,D.H.,Liu,Y.F.,He,J.F.,Qin,P.Z.,Li,L.H.,Ren,Y.Q.,Liang,W.J.,Yu,Y.D.,Anderson,L.,Wang,M.,Xu,R.H.,Wu,X.W.,Zheng,H.Y.,Chen,J.D.,Liang,G.,Gao,Y.,Liao,M.,Fang,L.,Jiang,L.Y.,Li,H.,Chen,F.,Di,B.,He,L.J.,Lin,J.Y.,Tong,S.,Kong,X.,Du,L.,Hao,P.,Tang,H.,Bernini,A.,Yu,X.J.,Spiga,O.,Guo,Z.M.,Pan,H.Y.,He,W.Z.,Manuguerra,J.C.,Fontanet,A.,Danchin,A.,Niccolai,N.,Li,Y.X.,Wu,C.I.,Zhao,G.P.","2005-02-28T00:00:00Z",,,"SARS coronavirus PC4-227",293936,,,,"Paradoxurus hermaphroditus","Paradoxurus hermaphroditus","Paradoxurus hermaphroditus"
"DQ071615","Sarbecovirus","Betacoronavirus","Sarbecovirus","","Bat SARS CoV Rp3/2004","Rp3/2004","DQ071615","Complete genome","Rp3","supporting_tree_example","SARS-like bat sarbecoviruses","keep_supporting_example","Wildlife sarbecovirus example promoted from the NCBI taxonomy tree","supporting_example","Bat SARS CoV Rp3/2004 | Rp3/2004","Subgenus Sarbecovirus","https://www.ncbi.nlm.nih.gov/Taxonomy/Browser/wwwtax.cgi?command=show&mode=tree&id=694009&lvl=","host_link_and_zoonotic_potential_group","Retained as an active wildlife sarbecovirus analysis group because host-link data and zoonotic concern exist even where direct human infection is unclear or absent.","Treat the listed viruses as supporting examples inside this group rather than splitting further for now.","Wildlife sarbecovirus example promoted from the NCBI taxonomy tree","Added as a classic bat SARS-related coronavirus genome commonly used in comparative sarbecovirus analyses.","DQ071615.1","ok","stdout","COMPLETE","China","Asia",,"Chiroptera",9397,"true","",,"",29736,13,"2005-10-05T00:00:00Z","GenBank","Wuhan Institute of Virology, Chinese Academy of Science","China","Li,W.,Shi,Z.,Yu,M.,Ren,W.,Smith,C.,Epstein,J.H.,Wang,H.,Crameri,G.,Hu,Z.,Zhang,H.,Zhang,J.,McEachern,J.,Field,H.,Daszak,P.,Eaton,B.T.,Zhang,S.,Wang,L.F.,Wang,L.-F.","2006-01-25T00:00:00Z",,,"Bat SARS CoV Rp3/2004",349344,,,,"Chiroptera","Chiroptera","Chiroptera"
"DQ022305","Sarbecovirus","Betacoronavirus","Sarbecovirus","","Bat SARS coronavirus HKU3-1","HKU3-1","DQ022305","Complete genome","HKU3","supporting_tree_example","SARS-like bat sarbecoviruses","keep_supporting_example","Wildlife sarbecovirus example promoted from the NCBI taxonomy tree","supporting_example","Bat SARS coronavirus HKU3-1 | HKU3-1","Subgenus Sarbecovirus","https://www.ncbi.nlm.nih.gov/Taxonomy/Browser/wwwtax.cgi?command=show&mode=tree&id=694009&lvl=","host_link_and_zoonotic_potential_group","Retained as an active wildlife sarbecovirus analysis group because host-link data and zoonotic concern exist even where direct human infection is unclear or absent.","Treat the listed viruses as supporting examples inside this group rather than splitting further for now.","Wildlife sarbecovirus example promoted from the NCBI taxonomy tree","Added as a representative HKU3 lineage example from the Sarbecovirus taxonomy tree using the commonly cited complete-genome accession DQ022305.2.","DQ022305.2","ok","stdout","COMPLETE","China","Asia",,"",,"true","",,"",29728,11,"2005-09-23T00:00:00Z","GenBank","The University of Hong Kong, Department of Microbiology","China","Lau,S.K.,Woo,P.C.,Li,K.S.,Huang,Y.,Tsoi,H.W.,Wong,B.H.,Wong,S.S.,Leung,S.Y.,Chan,K.H.,Yuen,K.Y.,Lau,S.K.P.,Woo,P.C.Y.,Li,K.S.M.","2005-10-25T00:00:00Z",,,"Bat SARS coronavirus HKU3-1",333387,,,,"","",""
"KC881006","Sarbecovirus","Betacoronavirus","Sarbecovirus","","Bat SARS-like coronavirus Rs3367","Rs3367","KC881006","Complete genome","Rs3367","supporting_named_example","SARS-like bat sarbecoviruses","keep_supporting_example","Named sarbecovirus example highlighted for zoonotic-potential review","supporting_example","Bat SARS-like coronavirus Rs3367 | Rs3367","Subgenus Sarbecovirus","https://ictv.global/taxonomy/taxondetails?taxnode_id=202506129&taxon_name=Sarbecovirus","host_link_and_zoonotic_potential_group","Retained as an active wildlife sarbecovirus analysis group because host-link data and zoonotic concern exist even where direct human infection is unclear or absent.","Treat the listed viruses as supporting examples inside this group rather than splitting further for now.","Named sarbecovirus example highlighted for zoonotic-potential review","Master list bat sarbecovirus example from Rhinolophus sinicus.","KC881006.1","ok","stdout","COMPLETE","China","Asia",,"Rhinolophus sinicus",89399,"true","",,"2012-03-19",29792,12,"2013-11-06T00:00:00Z","GenBank","Chinese Academy of Sciences, Wuhan Institute of Virology","China","Ge,X.Y.,Li,J.L.,Yang,X.L.,Chmura,A.A.,Zhu,G.,Epstein,J.H.,Mazet,J.K.,Hu,B.,Zhang,W.,Peng,C.,Zhang,Y.J.,Luo,C.M.,Tan,B.,Wang,N.,Zhu,Y.,Crameri,G.,Zhang,S.Y.,Wang,L.F.,Daszak,P.,Shi,Z.L.,Ge,X.-Y.,Li,J.-L.,Yang,X.-L.,Zhang,Y.-J.,Luo,C.-M.,Wang,L.-F.,Shi,Z.-L.","2013-11-22T00:00:00Z",,,"Bat SARS-like coronavirus Rs3367",1415834,,,,"Rhinolophus sinicus","Rhinolophus sinicus","Rhinolophus sinicus"
"KC881005","Sarbecovirus","Betacoronavirus","Sarbecovirus","","Bat SARS-like coronavirus RsSHC014","RsSHC014","KC881005","Complete genome","RsSHC014","supporting_named_example","SARS-like bat sarbecoviruses","keep_supporting_example","Named sarbecovirus example highlighted for zoonotic-potential review","supporting_example","Bat SARS-like coronavirus RsSHC014 | RsSHC014","Subgenus Sarbecovirus","https://ictv.global/taxonomy/taxondetails?taxnode_id=202506129&taxon_name=Sarbecovirus","host_link_and_zoonotic_potential_group","Retained as an active wildlife sarbecovirus analysis group because host-link data and zoonotic concern exist even where direct human infection is unclear or absent.","Treat the listed viruses as supporting examples inside this group rather than splitting further for now.","Named sarbecovirus example highlighted for zoonotic-potential review","Master list bat sarbecovirus example from Rhinolophus sinicus. Shares an accession with the SHC014 naming variant.","KC881005.1","ok","stdout","COMPLETE","China","Asia",,"Rhinolophus sinicus",89399,"true","",,"2011-04-17",29787,12,"2013-11-06T00:00:00Z","GenBank","Chinese Academy of Sciences, Wuhan Institute of Virology","China","Ge,X.Y.,Li,J.L.,Yang,X.L.,Chmura,A.A.,Zhu,G.,Epstein,J.H.,Mazet,J.K.,Hu,B.,Zhang,W.,Peng,C.,Zhang,Y.J.,Luo,C.M.,Tan,B.,Wang,N.,Zhu,Y.,Crameri,G.,Zhang,S.Y.,Wang,L.F.,Daszak,P.,Shi,Z.L.,Ge,X.-Y.,Li,J.-L.,Yang,X.-L.,Zhang,Y.-J.,Luo,C.-M.,Wang,L.-F.,Shi,Z.-L.","2013-11-22T00:00:00Z",,,"Bat SARS-like coronavirus RsSHC014",1415851,,,,"Rhinolophus sinicus","Rhinolophus sinicus","Rhinolophus sinicus"
"KC881005","Sarbecovirus","Betacoronavirus","Sarbecovirus","","Bat SARS-like coronavirus SHC014","SHC014","KC881005","Complete genome","SHC014","supporting_named_example","SARS-like bat sarbecoviruses","keep_supporting_example","Named sarbecovirus example highlighted for zoonotic-potential review","supporting_example","Bat SARS-like coronavirus SHC014 | SHC014","Subgenus Sarbecovirus","https://ictv.global/taxonomy/taxondetails?taxnode_id=202506129&taxon_name=Sarbecovirus","host_link_and_zoonotic_potential_group","Retained as an active wildlife sarbecovirus analysis group because host-link data and zoonotic concern exist even where direct human infection is unclear or absent.","Treat the listed viruses as supporting examples inside this group rather than splitting further for now.","Named sarbecovirus example highlighted for zoonotic-potential review","Master list SHC014 example. Uses the same NCBI accession as the RsSHC014 naming variant and should be treated as an alias-level supporting row for now.","KC881005.1","ok","stdout","COMPLETE","China","Asia",,"Rhinolophus sinicus",89399,"true","",,"2011-04-17",29787,12,"2013-11-06T00:00:00Z","GenBank","Chinese Academy of Sciences, Wuhan Institute of Virology","China","Ge,X.Y.,Li,J.L.,Yang,X.L.,Chmura,A.A.,Zhu,G.,Epstein,J.H.,Mazet,J.K.,Hu,B.,Zhang,W.,Peng,C.,Zhang,Y.J.,Luo,C.M.,Tan,B.,Wang,N.,Zhu,Y.,Crameri,G.,Zhang,S.Y.,Wang,L.F.,Daszak,P.,Shi,Z.L.,Ge,X.-Y.,Li,J.-L.,Yang,X.-L.,Zhang,Y.-J.,Luo,C.-M.,Wang,L.-F.,Shi,Z.-L.","2013-11-22T00:00:00Z",,,"Bat SARS-like coronavirus RsSHC014",1415851,,,,"Rhinolophus sinicus","Rhinolophus sinicus","Rhinolophus sinicus"
"KF367457","Sarbecovirus","Betacoronavirus","Sarbecovirus","","Bat SARS-like coronavirus WIV1","WIV1","KF367457","Complete genome","WIV1","supporting_named_example","SARS-like bat sarbecoviruses","keep_supporting_example","Named sarbecovirus example highlighted for zoonotic-potential review","supporting_example","Bat SARS-like coronavirus WIV1 | WIV1","Subgenus Sarbecovirus","https://ictv.global/taxonomy/taxondetails?taxnode_id=202506129&taxon_name=Sarbecovirus","host_link_and_zoonotic_potential_group","Retained as an active wildlife sarbecovirus analysis group because host-link data and zoonotic concern exist even where direct human infection is unclear or absent.","Treat the listed viruses as supporting examples inside this group rather than splitting further for now.","Named sarbecovirus example highlighted for zoonotic-potential review","Master list bat sarbecovirus example with reported ACE2-usage evidence.","KF367457.1","ok","stdout","COMPLETE","China","Asia",,"Rhinolophus sinicus",89399,"true","",,"2012-09",30309,13,"2013-11-06T00:00:00Z","GenBank","Chinese Academy of Sciences, Wuhan Institute of Virology","China","Ge,X.Y.,Li,J.L.,Yang,X.L.,Chmura,A.A.,Zhu,G.,Epstein,J.H.,Mazet,J.K.,Hu,B.,Zhang,W.,Peng,C.,Zhang,Y.J.,Luo,C.M.,Tan,B.,Wang,N.,Zhu,Y.,Crameri,G.,Zhang,S.Y.,Wang,L.F.,Daszak,P.,Shi,Z.L.,Ge,X.-Y.,Li,J.-L.,Yang,X.-L.,Zhang,Y.-J.,Luo,C.-M.,Zhang,S.-Y.,Wang,L.-F.,Shi,Z.-L.","2013-11-06T00:00:00Z",,,"Bat SARS-like coronavirus WIV1",1415852,,,,"Rhinolophus sinicus","Rhinolophus sinicus","Rhinolophus sinicus"
"DQ412042","Sarbecovirus","Betacoronavirus","Sarbecovirus","","Bat SARS-related coronavirus Rf1/2004","Rf1/2004","DQ412042","GenBank accession provided","Rf1","supporting_tree_example","SARS-like bat sarbecoviruses","keep_supporting_example","Wildlife sarbecovirus example promoted from the NCBI taxonomy tree","supporting_example","Bat SARS-related coronavirus Rf1/2004 | Rf1/2004","Subgenus Sarbecovirus","https://www.ncbi.nlm.nih.gov/Taxonomy/Browser/wwwtax.cgi?command=show&mode=tree&id=2509511&lvl=3","host_link_and_zoonotic_potential_group","Retained as an active wildlife sarbecovirus analysis group because host-link data and zoonotic concern exist even where direct human infection is unclear or absent.","Treat the listed viruses as supporting examples inside this group rather than splitting further for now.","Wildlife sarbecovirus example promoted from the NCBI taxonomy tree","Added from the Sarbecovirus taxonomy tree. Manual nuccore lookup pinned accession DQ412042.1.","DQ412042.1","ok","stdout","COMPLETE","","",,"Rhinolophus ferrumequinum",59479,"true","",,"",29709,14,"2006-07-13T00:00:00Z","GenBank","Wuhan Institute of Virology, Chinese Academy of Science","China","Li,W.,Shi,Z.,Yu,M.,Ren,W.,Smith,C.,Epstein,J.H.,Wang,H.,Crameri,G.,Hu,Z.,Zhang,H.,Zhang,J.,McEachern,J.,Field,H.,Daszak,P.,Eaton,B.T.,Zhang,S.,Wang,L.F.,Ren,W.Z.,Li,W.D.,Zhou,P.,Hao,P.,Zhang,S.Y.,Zhao,G.P.,Zhong,Y.,Wang,S.Y.,Wang,L.-F.,Shi,Z.L.","2006-07-13T00:00:00Z",,,"Bat SARS CoV Rf1/2004",347537,,,,"Rhinolophus ferrumequinum","Rhinolophus ferrumequinum","Rhinolophus ferrumequinum"
"DQ412043","Sarbecovirus","Betacoronavirus","Sarbecovirus","","Bat SARS-related coronavirus Rm1/2004","Rm1/2004","DQ412043","GenBank accession provided","Rm1","supporting_tree_example","SARS-like bat sarbecoviruses","keep_supporting_example","Wildlife sarbecovirus example promoted from the NCBI taxonomy tree","supporting_example","Bat SARS-related coronavirus Rm1/2004 | Rm1/2004","Subgenus Sarbecovirus","https://www.ncbi.nlm.nih.gov/Taxonomy/Browser/wwwtax.cgi?command=show&mode=tree&id=2509511&lvl=3","host_link_and_zoonotic_potential_group","Retained as an active wildlife sarbecovirus analysis group because host-link data and zoonotic concern exist even where direct human infection is unclear or absent.","Treat the listed viruses as supporting examples inside this group rather than splitting further for now.","Wildlife sarbecovirus example promoted from the NCBI taxonomy tree","Added from the Sarbecovirus taxonomy tree. Manual nuccore lookup pinned accession DQ412043.1.","DQ412043.1","ok","stdout","COMPLETE","","",,"Rhinolophus macrotis",196889,"true","",,"",29749,13,"2006-07-13T00:00:00Z","GenBank","Wuhan Institute of Virology, Chinese Academy of Science","China","Li,W.,Shi,Z.,Yu,M.,Ren,W.,Smith,C.,Epstein,J.H.,Wang,H.,Crameri,G.,Hu,Z.,Zhang,H.,Zhang,J.,McEachern,J.,Field,H.,Daszak,P.,Eaton,B.T.,Zhang,S.,Wang,L.F.,Ren,W.Z.,Li,W.D.,Zhou,P.,Hao,P.,Zhang,S.Y.,Zhao,G.P.,Zhong,Y.,Wang,S.Y.,Wang,L.-F.,Shi,Z.L.","2006-07-13T00:00:00Z",,,"Bat SARS CoV Rm1/2004",347536,,,,"Rhinolophus macrotis","Rhinolophus macrotis","Rhinolophus macrotis"
"KM205024","Vesiculovirus","Vesiculovirus","","Vesiculovirus radi","Radi virus","ISS Ph1-166","KM205024","Complete genome","RADV","supporting_example","Vesiculovirus review set","keep_supporting_example","ICTV vesiculovirus species candidate, not in the initial active vesicular-stomatitis pair","supporting_example","Radi virus | ISS Ph1-166","","","ICTV vesiculovirus species candidate, not in the initial active vesicular-stomatitis pair","ICTV vesiculovirus species candidate, not in the initial active vesicular-stomatitis pair","Useful supporting species for later Vesiculovirus review.","ICTV vesiculovirus species candidate, not in the initial active vesicular-stomatitis pair","Useful supporting species for later Vesiculovirus review.","KM205024.1","ok","stdout","PARTIAL","Italy","Europe",,"Phlebotomus perfiliewi",59275,"true","",,"1982",11068,5,"2015-03-10T00:00:00Z","GenBank","CSIRO","Australia","Walker,P.J.,Firth,C.,Widen,S.G.,Blasdell,K.R.,Guzman,H.,Wood,T.G.,Paradkar,P.N.,Holmes,E.C.,Tesh,R.B.,Vasilakis,N.,Walker,P.,Widen,S.,Blasdell,K.,Wood,T.,Paradkar,P.,Holmes,E.,Tesh,R.","2015-03-10T00:00:00Z",,,"Vesiculovirus radi",1972566,,,,"Phlebotomus perfiliewi","Phlebotomus perfiliewi","Phlebotomus perfiliewi"
"JF911700","Vesiculovirus","Vesiculovirus","","Vesiculovirus bogdanovac","Yug Bogdanovac virus","YU4-76","JF911700","Coding-complete genome","YBV","supporting_example","Vesiculovirus review set","keep_supporting_example","ICTV vesiculovirus species candidate, not in the initial active vesicular-stomatitis pair","supporting_example","Yug Bogdanovac virus | YU4-76","","","ICTV vesiculovirus species candidate, not in the initial active vesicular-stomatitis pair","ICTV vesiculovirus species candidate, not in the initial active vesicular-stomatitis pair","Useful supporting species for later Vesiculovirus review.","ICTV vesiculovirus species candidate, not in the initial active vesicular-stomatitis pair","Useful supporting species for later Vesiculovirus review.","JF911700.1","ok","stdout","COMPLETE","Serbia","Europe",,"",,"true","true",,"",11202,5,"2012-10-17T00:00:00Z","GenBank","University Medical Center Goettingen, Department of Virology","Germany","Pfeffer,M.,Dilcher,M.,Tesh,R.B.,Hufert,F.T.,Weidmann,M.","2013-04-05T00:00:00Z",,,"Vesiculovirus bogdanovac",1972567,,,,"","",""
"KJ473812","Sarbecovirus","Betacoronavirus","Sarbecovirus","","BtRf-BetaCoV/HeB2013","BtRf-BetaCoV/HeB2013","KJ473812","GenBank accession provided","HeB2013","supporting_tree_example","SARS-like bat sarbecoviruses","keep_supporting_example","Wildlife sarbecovirus example promoted from the NCBI taxonomy tree","supporting_example","BtRf-BetaCoV/HeB2013 | BtRf-BetaCoV/HeB2013","Subgenus Sarbecovirus","https://www.ncbi.nlm.nih.gov/Taxonomy/Browser/wwwtax.cgi?command=show&mode=tree&id=2509511&lvl=3","host_link_and_zoonotic_potential_group","Retained as an active wildlife sarbecovirus analysis group because host-link data and zoonotic concern exist even where direct human infection is unclear or absent.","Treat the listed viruses as supporting examples inside this group rather than splitting further for now.","Wildlife sarbecovirus example promoted from the NCBI taxonomy tree","Added from the Sarbecovirus taxonomy tree. Manual nuccore lookup pinned accession KJ473812.1.","KJ473812.1","ok","stdout","COMPLETE","China","Asia",,"Rhinolophus ferrumequinum",59479,"true","",,"2013",29443,10,"2015-12-31T00:00:00Z","GenBank","Institute of Pathogen Biology, MOH Key Laboratory of Systems Biology of Pathogens","China","Wu,Z.,Yang,L.,Ren,X.,Zhang,J.,Yang,F.,Zhang,S.,Jin,Q.,He,G.,Yang,J.,Qian,Z.,Dong,J.,Sun,L.,Zhu,Y.,Du,J.","2017-07-07T00:00:00Z",,,"BtRf-BetaCoV/HeB2013",1503296,,,,"Rhinolophus ferrumequinum","Rhinolophus ferrumequinum","Rhinolophus ferrumequinum"
"KJ473811","Sarbecovirus","Betacoronavirus","Sarbecovirus","","BtRf-BetaCoV/JL2012","BtRf-BetaCoV/JL2012","KJ473811","GenBank accession provided","JL2012","supporting_tree_example","SARS-like bat sarbecoviruses","keep_supporting_example","Wildlife sarbecovirus example promoted from the NCBI taxonomy tree","supporting_example","BtRf-BetaCoV/JL2012 | BtRf-BetaCoV/JL2012","Subgenus Sarbecovirus","https://www.ncbi.nlm.nih.gov/Taxonomy/Browser/wwwtax.cgi?command=show&mode=tree&id=2509511&lvl=3","host_link_and_zoonotic_potential_group","Retained as an active wildlife sarbecovirus analysis group because host-link data and zoonotic concern exist even where direct human infection is unclear or absent.","Treat the listed viruses as supporting examples inside this group rather than splitting further for now.","Wildlife sarbecovirus example promoted from the NCBI taxonomy tree","Added from the Sarbecovirus taxonomy tree. Manual nuccore lookup pinned accession KJ473811.1.","KJ473811.1","ok","stdout","COMPLETE","China","Asia",,"Rhinolophus ferrumequinum",59479,"true","",,"2012",29037,13,"2015-12-31T00:00:00Z","GenBank","Institute of Pathogen Biology, MOH Key Laboratory of Systems Biology of Pathogens","China","Wu,Z.,Yang,L.,Ren,X.,Zhang,J.,Yang,F.,Zhang,S.,Jin,Q.,He,G.,Yang,J.,Qian,Z.,Dong,J.,Sun,L.,Zhu,Y.,Du,J.","2017-07-07T00:00:00Z",,,"BtRf-BetaCoV/JL2012",1503299,,,,"Rhinolophus ferrumequinum","Rhinolophus ferrumequinum","Rhinolophus ferrumequinum"
"KJ473813","Sarbecovirus","Betacoronavirus","Sarbecovirus","","BtRf-BetaCoV/SX2013","BtRf-BetaCoV/SX2013","KJ473813","GenBank accession provided","SX2013","supporting_tree_example","SARS-like bat sarbecoviruses","keep_supporting_example","Wildlife sarbecovirus example promoted from the NCBI taxonomy tree","supporting_example","BtRf-BetaCoV/SX2013 | BtRf-BetaCoV/SX2013","Subgenus Sarbecovirus","https://www.ncbi.nlm.nih.gov/Taxonomy/Browser/wwwtax.cgi?command=show&mode=tree&id=2509511&lvl=3","host_link_and_zoonotic_potential_group","Retained as an active wildlife sarbecovirus analysis group because host-link data and zoonotic concern exist even where direct human infection is unclear or absent.","Treat the listed viruses as supporting examples inside this group rather than splitting further for now.","Wildlife sarbecovirus example promoted from the NCBI taxonomy tree","Added from the Sarbecovirus taxonomy tree. Manual nuccore lookup pinned accession KJ473813.1.","KJ473813.1","ok","stdout","COMPLETE","China","Asia",,"Rhinolophus ferrumequinum",59479,"true","",,"2013",29461,10,"2015-12-31T00:00:00Z","GenBank","Institute of Pathogen Biology, MOH Key Laboratory of Systems Biology of Pathogens","China","Wu,Z.,Yang,L.,Ren,X.,Zhang,J.,Yang,F.,Zhang,S.,Jin,Q.,He,G.,Yang,J.,Qian,Z.,Dong,J.,Sun,L.,Zhu,Y.,Du,J.","2017-07-07T00:00:00Z",,,"BtRf-BetaCoV/SX2013",1503300,,,,"Rhinolophus ferrumequinum","Rhinolophus ferrumequinum","Rhinolophus ferrumequinum"
"KJ473815","Sarbecovirus","Betacoronavirus","Sarbecovirus","","BtRs-BetaCoV/GX2013","GX2013","KJ473815","Complete genome","GX2013","supporting_tree_example","SARS-like bat sarbecoviruses","keep_supporting_example","Wildlife sarbecovirus example promoted from the NCBI taxonomy tree","supporting_example","BtRs-BetaCoV/GX2013 | GX2013","Subgenus Sarbecovirus","https://www.ncbi.nlm.nih.gov/Taxonomy/Browser/wwwtax.cgi?command=show&mode=tree&id=694009&lvl=","host_link_and_zoonotic_potential_group","Retained as an active wildlife sarbecovirus analysis group because host-link data and zoonotic concern exist even where direct human infection is unclear or absent.","Treat the listed viruses as supporting examples inside this group rather than splitting further for now.","Wildlife sarbecovirus example promoted from the NCBI taxonomy tree","Added as a 2013 bat sarbecovirus genome from the NCBI taxonomy tree with a direct GenBank accession.","KJ473815.1","ok","stdout","COMPLETE","China","Asia",,"Rhinolophus sinicus",89399,"true","",,"2013",29161,10,"2015-12-31T00:00:00Z","GenBank","Institute of Pathogen Biology, MOH Key Laboratory of Systems Biology of Pathogens","China","Wu,Z.,Yang,L.,Ren,X.,Zhang,J.,Yang,F.,Zhang,S.,Jin,Q.,He,G.,Yang,J.,Qian,Z.,Dong,J.,Sun,L.,Zhu,Y.,Du,J.","2017-07-07T00:00:00Z",,,"BtRs-BetaCoV/GX2013",1503301,,,,"Rhinolophus sinicus","Rhinolophus sinicus","Rhinolophus sinicus"
"KJ473814","Sarbecovirus","Betacoronavirus","Sarbecovirus","","BtRs-BetaCoV/HuB2013","HuB2013","KJ473814","Complete genome","HuB2013","supporting_tree_example","SARS-like bat sarbecoviruses","keep_supporting_example","Wildlife sarbecovirus example promoted from the NCBI taxonomy tree","supporting_example","BtRs-BetaCoV/HuB2013 | HuB2013","Subgenus Sarbecovirus","https://www.ncbi.nlm.nih.gov/Taxonomy/Browser/wwwtax.cgi?command=show&mode=tree&id=694009&lvl=","host_link_and_zoonotic_potential_group","Retained as an active wildlife sarbecovirus analysis group because host-link data and zoonotic concern exist even where direct human infection is unclear or absent.","Treat the listed viruses as supporting examples inside this group rather than splitting further for now.","Wildlife sarbecovirus example promoted from the NCBI taxonomy tree","Added as a 2013 bat sarbecovirus genome from the NCBI taxonomy tree. Accession KJ473814 is widely cited in sarbecovirus comparison papers.","KJ473814.1","ok","stdout","COMPLETE","China","Asia",,"Rhinolophus sinicus",89399,"true","",,"2013",29658,10,"2015-12-31T00:00:00Z","GenBank","Institute of Pathogen Biology, MOH Key Laboratory of Systems Biology of Pathogens","China","Wu,Z.,Yang,L.,Ren,X.,Zhang,J.,Yang,F.,Zhang,S.,Jin,Q.,He,G.,Yang,J.,Qian,Z.,Dong,J.,Sun,L.,Zhu,Y.,Du,J.","2017-07-07T00:00:00Z",,,"BtRs-BetaCoV/HuB2013",1503302,,,,"Rhinolophus sinicus","Rhinolophus sinicus","Rhinolophus sinicus"
"KJ473816","Sarbecovirus","Betacoronavirus","Sarbecovirus","","BtRs-BetaCoV/YN2013","YN2013","KJ473816","Complete genome","YN2013","supporting_tree_example","SARS-like bat sarbecoviruses","keep_supporting_example","Wildlife sarbecovirus example promoted from the NCBI taxonomy tree","supporting_example","BtRs-BetaCoV/YN2013 | YN2013","Subgenus Sarbecovirus","https://www.ncbi.nlm.nih.gov/Taxonomy/Browser/wwwtax.cgi?command=show&mode=tree&id=694009&lvl=","host_link_and_zoonotic_potential_group","Retained as an active wildlife sarbecovirus analysis group because host-link data and zoonotic concern exist even where direct human infection is unclear or absent.","Treat the listed viruses as supporting examples inside this group rather than splitting further for now.","Wildlife sarbecovirus example promoted from the NCBI taxonomy tree","Added as a 2013 bat sarbecovirus genome from the NCBI taxonomy tree. Accession KJ473816 is widely cited in sarbecovirus comparison papers.","KJ473816.1","ok","stdout","COMPLETE","China","Asia",,"Rhinolophus sinicus",89399,"true","",,"2013",29142,10,"2015-12-31T00:00:00Z","GenBank","Institute of Pathogen Biology, MOH Key Laboratory of Systems Biology of Pathogens","China","Wu,Z.,Yang,L.,Ren,X.,Zhang,J.,Yang,F.,Zhang,S.,Jin,Q.,He,G.,Yang,J.,Qian,Z.,Dong,J.,Sun,L.,Zhu,Y.,Du,J.","2017-07-07T00:00:00Z",,,"BtRs-BetaCoV/YN2013",1503303,,,,"Rhinolophus sinicus","Rhinolophus sinicus","Rhinolophus sinicus"
"KF569996","Sarbecovirus","Betacoronavirus","Sarbecovirus","","Rhinolophus affinis coronavirus isolate LYRa11","LYRa11","KF569996","Complete genome","LYRa11","supporting_tree_example","SARS-like bat sarbecoviruses","keep_supporting_example","Wildlife sarbecovirus example promoted from the NCBI taxonomy tree","supporting_example","Rhinolophus affinis coronavirus isolate LYRa11 | LYRa11","Subgenus Sarbecovirus","https://www.ncbi.nlm.nih.gov/Taxonomy/Browser/wwwtax.cgi?command=show&mode=tree&id=694009&lvl=","host_link_and_zoonotic_potential_group","Retained as an active wildlife sarbecovirus analysis group because host-link data and zoonotic concern exist even where direct human infection is unclear or absent.","Treat the listed viruses as supporting examples inside this group rather than splitting further for now.","Wildlife sarbecovirus example promoted from the NCBI taxonomy tree","Added as a host-linked sarbecovirus example from the NCBI taxonomy tree with a clear Rhinolophus affinis label.","KF569996.1","ok","stdout","COMPLETE","China","Asia",,"Rhinolophus affinis",59477,"true","",,"2011",29805,13,"2014-04-26T00:00:00Z","GenBank","Institute of Military Veterinary, Virology Department","China","He,B.,Zhang,Y.,Xu,L.,Yang,W.,Yang,F.,Feng,Y.,Xia,L.,Zhou,J.,Zhen,W.,Guo,H.,Zhang,H.,Tu,C.","2014-05-29T00:00:00Z",,,"Rhinolophus affinis coronavirus",1487703,,,,"Rhinolophus affinis","Rhinolophus affinis","Rhinolophus affinis"
"KP886808","Sarbecovirus","Betacoronavirus","Sarbecovirus","","SARSr-Rf-BatCoV YNLF_31C","YNLF_31C","KP886808","GenBank accession provided","YNLF_31C","supporting_tree_example","SARS-like bat sarbecoviruses","keep_supporting_example","Wildlife sarbecovirus example promoted from the NCBI taxonomy tree","supporting_example","SARSr-Rf-BatCoV YNLF_31C | YNLF_31C","Subgenus Sarbecovirus","https://www.ncbi.nlm.nih.gov/Taxonomy/Browser/wwwtax.cgi?command=show&mode=tree&id=2509511&lvl=3","host_link_and_zoonotic_potential_group","Retained as an active wildlife sarbecovirus analysis group because host-link data and zoonotic concern exist even where direct human infection is unclear or absent.","Treat the listed viruses as supporting examples inside this group rather than splitting further for now.","Wildlife sarbecovirus example promoted from the NCBI taxonomy tree","Added from the Sarbecovirus taxonomy tree and comparative literature. Manual nuccore lookup pinned accession KP886808.1.","KP886808.1","ok","stdout","COMPLETE","China","Asia",,"Rhinolophus ferrumequinum",59479,"true","",,"2013-05-23",29723,11,"2015-08-19T00:00:00Z","GenBank","The University of Hong Kong, Department of Microbiology","Hong Kong","Lau,S.K.P.,Feng,Y.,Chen,H.,Luk,H.K.H.,Yang,W.-H.,Li,K.S.M.,Zhang,Y.-Z.,Huang,Y.,Song,Z.-Z.,Chow,W.-N.,Fan,R.Y.Y.,Ahmed,S.,Yeung,H.C.,Lam,C.S.F.,Cai,J.-P.,Chan,J.F.W.,Yuen,K.-Y.,Zhang,H.-L.,Woo,P.C.Y.","2015-08-19T00:00:00Z",,,"Bat SARS-like coronavirus YNLF_31C",1699360,,,,"Rhinolophus ferrumequinum","Rhinolophus ferrumequinum","Rhinolophus ferrumequinum"
"KP886809","Sarbecovirus","Betacoronavirus","Sarbecovirus","","SARSr-Rf-BatCoV YNLF_34C","YNLF_34C","KP886809","GenBank accession provided","YNLF_34C","supporting_tree_example","SARS-like bat sarbecoviruses","keep_supporting_example","Wildlife sarbecovirus example promoted from the NCBI taxonomy tree","supporting_example","SARSr-Rf-BatCoV YNLF_34C | YNLF_34C","Subgenus Sarbecovirus","https://www.ncbi.nlm.nih.gov/Taxonomy/Browser/wwwtax.cgi?command=show&mode=tree&id=2509511&lvl=3","host_link_and_zoonotic_potential_group","Retained as an active wildlife sarbecovirus analysis group because host-link data and zoonotic concern exist even where direct human infection is unclear or absent.","Treat the listed viruses as supporting examples inside this group rather than splitting further for now.","Wildlife sarbecovirus example promoted from the NCBI taxonomy tree","Added from the Sarbecovirus taxonomy tree and comparative literature. Manual nuccore lookup pinned accession KP886809.1.","KP886809.1","ok","stdout","COMPLETE","China","Asia",,"Rhinolophus ferrumequinum",59479,"true","",,"2013-05-23",29723,11,"2015-08-19T00:00:00Z","GenBank","The University of Hong Kong, Department of Microbiology","Hong Kong","Lau,S.K.P.,Feng,Y.,Chen,H.,Luk,H.K.H.,Yang,W.-H.,Li,K.S.M.,Zhang,Y.-Z.,Huang,Y.,Song,Z.-Z.,Chow,W.-N.,Fan,R.Y.Y.,Ahmed,S.,Yeung,H.C.,Lam,C.S.F.,Cai,J.-P.,Chan,J.F.W.,Yuen,K.-Y.,Zhang,H.-L.,Woo,P.C.Y.","2015-08-19T00:00:00Z",,,"Bat SARS-like coronavirus YNLF_34C",1699361,,,,"Rhinolophus ferrumequinum","Rhinolophus ferrumequinum","Rhinolophus ferrumequinum"
"AF473864","Vesiculovirus","Vesiculovirus","","Vesiculovirus indiana","vesicular stomatitis Indiana virus","98COE","AF473864","Complete genome","VSIV","active_unit_exemplar","Vesicular stomatitis Indiana virus","keep_active","ICTV exemplar for the active Vesiculovirus unit VSIV","active_unit","vesicular stomatitis Indiana virus | 98COE | AF473864","","","clear_human_infection_and_vector_data","Clear zoonotic vesiculovirus with host, vector, and amplifier relevance.","Retained as a distinct analysis unit rather than folded into the broader vesiculovirus placeholder.","ICTV exemplar for the active Vesiculovirus unit VSIV","Active unit to carry forward for host/vector/amplifier lookups.","AF473864.1","ok","stdout","COMPLETE","USA: Colorado","North America",,"Equus caballus",9796,"","",,"",11162,5,"2002-09-24T00:00:00Z","GenBank","U.S. Department of Agriculture, Agricultural Research Service, Foot and Mouth Diseased Unit, Plum Island Animal Disease Center","USA","Rodriguez,L.L.,Pauszek,S.J.,Bunch,T.A.,Schumann,K.R.","2002-09-24T00:00:00Z",,,"Vesicular stomatitis Indiana virus",11277,,,,"Equus caballus","Equus caballus","Equus caballus"
"JX121109","Vesiculovirus","Vesiculovirus","","Vesiculovirus newjersey","vesicular stomatitis New Jersey virus","NJ1184HDB","JX121109","Complete genome","VSNJV","active_unit_exemplar","Vesicular stomatitis New Jersey virus","keep_active","ICTV exemplar for the active Vesiculovirus unit VSNJV","active_unit","vesicular stomatitis New Jersey virus | NJ1184HDB | JX121109","","","clear_human_infection_and_vector_data","Clear zoonotic vesiculovirus with host, vector, and amplifier relevance.","Retained as a distinct analysis unit rather than folded into the broader vesiculovirus placeholder.","ICTV exemplar for the active Vesiculovirus unit VSNJV","Active unit to carry forward for host/vector/amplifier lookups.","JX121109.2","ok","stdout","COMPLETE","Honduras","North America",,"Bos taurus",9913,"true","",,"1984",11123,5,"2012-08-01T00:00:00Z","GenBank","United States Department of Agriculture, ARS","USA","Pauszek,S.J.,Rodriguez,L.L.","2014-07-08T00:00:00Z",,,"Vesicular stomatitis New Jersey virus",11280,,,,"Bos taurus","Bos taurus","Bos taurus"
"EU373657","Vesiculovirus","Vesiculovirus","","Vesiculovirus cocal","Cocal virus","TRVL40233","EU373657","Complete genome","COCV","supporting_example","Vesiculovirus review set","keep_supporting_example","ICTV vesiculovirus species candidate, not in the initial active vesicular-stomatitis pair","supporting_example","Cocal virus | TRVL40233","","","ICTV vesiculovirus species candidate, not in the initial active vesicular-stomatitis pair","ICTV vesiculovirus species candidate, not in the initial active vesicular-stomatitis pair","Useful supporting species for later Vesiculovirus review.","ICTV vesiculovirus species candidate, not in the initial active vesicular-stomatitis pair","Useful supporting species for later Vesiculovirus review.","EU373657.1","ok","stdout","COMPLETE","Trinidad and Tobago: Trinidad","North America",,"",,"","",,"1961",11003,5,"2008-06-11T00:00:00Z","GenBank","Plum Island Animal Disease Center, ARS","USA","Pauszek,S.J.,Allende,R.,Rodriguez,L.L.","2008-06-23T00:00:00Z",,,"Cocal virus",50713,,,,"","",""
"","Merbecovirus","Betacoronavirus","Merbecovirus","","Bat coronavirus HKU4-1","HKU4-1","","Accession unresolved in current pass","HKU4-1","supporting_tree_example","MERS-like bat merbecoviruses","keep_supporting_example","Wildlife merbecovirus isolate variant promoted from the NCBI taxonomy tree","supporting_example","Bat coronavirus HKU4-1 | HKU4-1","Subgenus Merbecovirus","https://www.ncbi.nlm.nih.gov/Taxonomy/Browser/wwwtax.cgi?command=show&mode=tree&id=2509494&lvl=3","host_link_and_zoonotic_potential_group","Retained as an active wildlife merbecovirus analysis group because host-link data and zoonotic concern exist even where direct human infection is unclear or absent.","Treat the listed viruses as supporting examples inside this group rather than splitting further for now.","Wildlife merbecovirus isolate variant promoted from the NCBI taxonomy tree","Added from the Merbecovirus taxonomy tree as a named HKU4 isolate variant. Exact NCBI nucleotide accession not pinned in this pass.",,,,,,,,,,,,,,,,,,,,,,,,,,,,,,,
"KM205015","Vesiculovirus","Vesiculovirus","","Vesiculovirus carajas","Carajás virus","BeAr411391","KM205015","Coding-complete genome","CARV","supporting_example","Vesiculovirus review set","keep_supporting_example","ICTV vesiculovirus species candidate, not in the initial active vesicular-stomatitis pair","supporting_example","Carajás virus | BeAr411391","","","ICTV vesiculovirus species candidate, not in the initial active vesicular-stomatitis pair","ICTV vesiculovirus species candidate, not in the initial active vesicular-stomatitis pair","Useful supporting species for later Vesiculovirus review.","ICTV vesiculovirus species candidate, not in the initial active vesicular-stomatitis pair","Useful supporting species for later Vesiculovirus review.","KM205015.1","ok","stdout","PARTIAL","Brazil","South America",,"Lutzomyia",7199,"true","",,"1983",11135,5,"2015-03-10T00:00:00Z","GenBank","CSIRO","Australia","Walker,P.J.,Firth,C.,Widen,S.G.,Blasdell,K.R.,Guzman,H.,Wood,T.G.,Paradkar,P.N.,Holmes,E.C.,Tesh,R.B.,Vasilakis,N.,Walker,P.,Widen,S.,Blasdell,K.,Wood,T.,Paradkar,P.,Holmes,E.,Tesh,R.","2015-03-10T00:00:00Z",,,"Carajas virus",239239,,,,"Lutzomyia","Lutzomyia","Lutzomyia"
"GU212856","Vesiculovirus","Vesiculovirus","","Vesiculovirus chandipura","Chandipura virus","CIN 0451","GU212856","Coding-complete genome","CHPV","supporting_example","Vesiculovirus review set","keep_supporting_example","ICTV vesiculovirus species candidate, not in the initial active vesicular-stomatitis pair","supporting_example","Chandipura virus | CIN 0451","","","ICTV vesiculovirus species candidate, not in the initial active vesicular-stomatitis pair","ICTV vesiculovirus species candidate, not in the initial active vesicular-stomatitis pair","Useful supporting species for later Vesiculovirus review.","ICTV vesiculovirus species candidate, not in the initial active vesicular-stomatitis pair","Useful supporting species for later Vesiculovirus review.","GU212856.1","ok","stdout","COMPLETE","India: Vadodara, Gujarat","Asia",,"Homo sapiens",9606,"true","",,"2004",11120,5,"2010-10-24T00:00:00Z","GenBank","National Institute of Virology, Hepatitis","India","Gurav,Y.K.,Tandale,B.V.,Jadi,R.S.,Gunjikar,R.S.,Tikute,S.S.,Jamgaonkar,A.V.,Khadse,R.K.,Jalgaonkar,S.V.,Arankalle,V.A.,Mishra,A.C.","2010-10-26T00:00:00Z",,,"Chandipura virus",11272,,,,"Homo sapiens","Homo sapiens","Homo sapiens"
"HQ660076","Vesiculovirus","Vesiculovirus","","Vesiculovirus maraba","Maraba virus","BeAr 411459","HQ660076","Complete genome","MARAV","supporting_example","Vesiculovirus review set","keep_supporting_example","ICTV vesiculovirus species candidate, not in the initial active vesicular-stomatitis pair","supporting_example","Maraba virus | BeAr 411459","","","ICTV vesiculovirus species candidate, not in the initial active vesicular-stomatitis pair","ICTV vesiculovirus species candidate, not in the initial active vesicular-stomatitis pair","Useful supporting species for later Vesiculovirus review.","ICTV vesiculovirus species candidate, not in the initial active vesicular-stomatitis pair","Useful supporting species for later Vesiculovirus review.","HQ660076.1","ok","stdout","COMPLETE","Brazil","South America",,"",,"true","",,"",11135,6,"2011-06-22T00:00:00Z","GenBank","Children's Hospital of Eastern Ontario, Molecular Biomedicine","Canada","Brun,J.,McManus,D.,Lefebvre,C.,Hu,K.,Falls,T.,Atkins,H.,Bell,J.C.,McCart,J.A.,Mahoney,D.,Stojdl,D.F.","2011-06-22T00:00:00Z",,,"Maraba virus",1046251,,,,"","",""
"AJ810084","Vesiculovirus","Vesiculovirus","","Vesiculovirus isfahan","Isfahan virus","91026-167","AJ810084","Complete genome","ISFV","supporting_example","Vesiculovirus review set","keep_supporting_example","ICTV vesiculovirus species candidate, not in the initial active vesicular-stomatitis pair","supporting_example","Isfahan virus | 91026-167","","","ICTV vesiculovirus species candidate, not in the initial active vesicular-stomatitis pair","ICTV vesiculovirus species candidate, not in the initial active vesicular-stomatitis pair","Useful supporting species for later Vesiculovirus review.","ICTV vesiculovirus species candidate, not in the initial active vesicular-stomatitis pair","Useful supporting species for later Vesiculovirus review.","AJ810084.2","ok","stdout","PARTIAL","Iran:Isfahan province","Asia",,"Phlebotomus papatasi",29031,"true","",,"",11088,5,"2005-01-14T00:00:00Z","GenBank","Marriott A.C., Biological Sciences, University of Warwick, Coventry, CV4 7AL","United Kingdom","Marriott,A.C.","2008-07-22T00:00:00Z",,,"Isfahan virus",290008,,,,"Phlebotomus papatasi","Phlebotomus papatasi","Phlebotomus papatasi"
"KM204996","Vesiculovirus","Vesiculovirus","","Vesiculovirus jurona","Jurona virus","BeAr40578","KM204996","Coding-complete genome","JURV","supporting_example","Vesiculovirus review set","keep_supporting_example","ICTV vesiculovirus species candidate, not in the initial active vesicular-stomatitis pair","supporting_example","Jurona virus | BeAr40578","","","ICTV vesiculovirus species candidate, not in the initial active vesicular-stomatitis pair","ICTV vesiculovirus species candidate, not in the initial active vesicular-stomatitis pair","Useful supporting species for later Vesiculovirus review.","ICTV vesiculovirus species candidate, not in the initial active vesicular-stomatitis pair","Useful supporting species for later Vesiculovirus review.","KM204996.1","ok","stdout","PARTIAL","Brazil","South America",,"Haemagogus",7180,"true","",,"1962",11121,5,"2015-03-10T00:00:00Z","GenBank","CSIRO","Australia","Walker,P.J.,Firth,C.,Widen,S.G.,Blasdell,K.R.,Guzman,H.,Wood,T.G.,Paradkar,P.N.,Holmes,E.C.,Tesh,R.B.,Vasilakis,N.,Walker,P.,Widen,S.,Blasdell,K.,Wood,T.,Paradkar,P.,Holmes,E.,Tesh,R.","2015-03-10T00:00:00Z",,,"Vesiculovirus jurona",1972568,,,,"Haemagogus","Haemagogus","Haemagogus"
"KC412247","Vesiculovirus","Vesiculovirus","","Vesiculovirus malpais","Malpais Spring virus","85-488NM","KC412247","Complete genome","MSPV","supporting_example","Vesiculovirus review set","keep_supporting_example","ICTV vesiculovirus species candidate, not in the initial active vesicular-stomatitis pair","supporting_example","Malpais Spring virus | 85-488NM","","","ICTV vesiculovirus species candidate, not in the initial active vesicular-stomatitis pair","ICTV vesiculovirus species candidate, not in the initial active vesicular-stomatitis pair","Useful supporting species for later Vesiculovirus review.","ICTV vesiculovirus species candidate, not in the initial active vesicular-stomatitis pair","Useful supporting species for later Vesiculovirus review.","KC412247.1","ok","stdout","COMPLETE","USA","North America",,"Ochlerotatus campestris",909054,"true","",,"1985-08-18",11019,5,"2013-03-30T00:00:00Z","GenBank","University of Texas Medical Branch, Pathology and Center for Biodefense and Emerging Infectious Diseases","USA","Vasilakis,N.,Widen,S.,Travassos da Rosa,A.P.,Wood,T.G.,Walker,P.J.,Holmes,E.C.,Tesh,R.B.","2013-03-30T00:00:00Z",,,"Vesiculovirus malpais",1972570,,,,"Ochlerotatus campestris","Ochlerotatus campestris","Ochlerotatus campestris"
"KU178986","Vesiculovirus","Vesiculovirus","","Vesiculovirus piry","Piry virus","BeAn2423","KU178986","Coding-complete genome","PIRYV","supporting_example","Vesiculovirus review set","keep_supporting_example","ICTV vesiculovirus species candidate, not in the initial active vesicular-stomatitis pair","supporting_example","Piry virus | BeAn2423","","","ICTV vesiculovirus species candidate, not in the initial active vesicular-stomatitis pair","ICTV vesiculovirus species candidate, not in the initial active vesicular-stomatitis pair","Useful supporting species for later Vesiculovirus review.","ICTV vesiculovirus species candidate, not in the initial active vesicular-stomatitis pair","Useful supporting species for later Vesiculovirus review.","KU178986.1","ok","stdout","COMPLETE","Brazil: Utinga Forest, Para State","South America",,"Philander opossum",9272,"true","",,"1960-12-10",11271,5,"2016-11-20T00:00:00Z","GenBank","University of Sao Paulo, Virology Research Center, School of Medicine of Ribeirao Preto","Brazil","Souza,W.M.,Acrani,G.O.,Romeiro,M.F.,Reis,O. Jr.,Tolerado,A.L.,Medeiros,D.B.,Nunes,M.R.,Figueiredo,L.T.M.","2016-11-20T00:00:00Z",,,"Piry virus",11274,,,,"Philander opossum","Philander opossum","Philander opossum"
"MW798173","Vesiculovirus","Vesiculovirus","","Vesiculovirus mejal","Mejal virus","JAL10","MW798173","Coding-complete genome","MEJV","supporting_example","Vesiculovirus review set","keep_supporting_example","ICTV vesiculovirus species candidate, not in the initial active vesicular-stomatitis pair","supporting_example","Mejal virus | JAL10","","","ICTV vesiculovirus species candidate, not in the initial active vesicular-stomatitis pair","ICTV vesiculovirus species candidate, not in the initial active vesicular-stomatitis pair","Useful supporting species for later Vesiculovirus review.","ICTV vesiculovirus species candidate, not in the initial active vesicular-stomatitis pair","Useful supporting species for later Vesiculovirus review.","MW798173.1","ok","stdout","PARTIAL","Mexico","North America",,"Trichobius sp.",3002593,"true","",,"2018-02-17",11112,5,"2021-05-30T00:00:00Z","GenBank","University of Wisconsin-Madison, Pathobiological Sciences","USA","Ramirez-Martinez,M.M.,Bennett,A.J.,Dunn,C.D.,Yuill,T.M.,Goldberg,T.L.,Bennet,A.J.","2023-03-01T00:00:00Z",,,"Mejal virus",2838395,,,,"Trichobius sp.","Trichobius sp.","Trichobius sp."
"KM205007","Vesiculovirus","Vesiculovirus","","Vesiculovirus morreton","Morreton virus","CoAr191048","KM205007","Complete genome","MORV","supporting_example","Vesiculovirus review set","keep_supporting_example","ICTV vesiculovirus species candidate, not in the initial active vesicular-stomatitis pair","supporting_example","Morreton virus | CoAr191048","","","ICTV vesiculovirus species candidate, not in the initial active vesicular-stomatitis pair","ICTV vesiculovirus species candidate, not in the initial active vesicular-stomatitis pair","Useful supporting species for later Vesiculovirus review.","ICTV vesiculovirus species candidate, not in the initial active vesicular-stomatitis pair","Useful supporting species for later Vesiculovirus review.","KM205007.1","ok","stdout","PARTIAL","Colombia","South America",,"Lutzomyia",7199,"true","",,"1986",11181,5,"2015-03-10T00:00:00Z","GenBank","CSIRO","Australia","Walker,P.J.,Firth,C.,Widen,S.G.,Blasdell,K.R.,Guzman,H.,Wood,T.G.,Paradkar,P.N.,Holmes,E.C.,Tesh,R.B.,Vasilakis,N.,Walker,P.,Widen,S.,Blasdell,K.,Wood,T.,Paradkar,P.,Holmes,E.,Tesh,R.","2015-03-10T00:00:00Z",,,"Vesiculovirus morreton",1972565,,,,"Lutzomyia","Lutzomyia","Lutzomyia"
"HM566195","Vesiculovirus","Vesiculovirus","","Vesiculovirus perinet","Perinet virus","DAkAr Mg802","HM566195","Complete genome","PERV","supporting_example","Vesiculovirus review set","keep_supporting_example","ICTV vesiculovirus species candidate, not in the initial active vesicular-stomatitis pair","supporting_example","Perinet virus | DAkAr Mg802","","","ICTV vesiculovirus species candidate, not in the initial active vesicular-stomatitis pair","ICTV vesiculovirus species candidate, not in the initial active vesicular-stomatitis pair","Useful supporting species for later Vesiculovirus review.","ICTV vesiculovirus species candidate, not in the initial active vesicular-stomatitis pair","Useful supporting species for later Vesiculovirus review.","HM566195.1","ok","stdout","COMPLETE","Madagascar","Africa",,"Culicidae",7157,"true","",,"2008-07-30",11103,5,"2012-05-03T00:00:00Z","GenBank","Columbia University, Center for Infection and Immunity","USA","Palacios,G.,Savji,N.,Gogo,S.,Tesh,R.,Lipkin,W.","2012-05-03T00:00:00Z",,,"Vesiculovirus perinet",1972569,,,,"Culicidae","Culicidae","Culicidae"
"","Sarbecovirus","Betacoronavirus","Sarbecovirus","","Bat SARS-like coronavirus Rs4028","Rs4028","","Name unresolved in current NCBI pass","Rs4028","supporting_named_example","SARS-like bat sarbecoviruses","keep_supporting_example","Named sarbecovirus example highlighted for zoonotic-potential review","supporting_example","Bat SARS-like coronavirus Rs4028 | Rs4028","Subgenus Sarbecovirus","https://ictv.global/taxonomy/taxondetails?taxnode_id=202506129&taxon_name=Sarbecovirus","host_link_and_zoonotic_potential_group","Retained as an active wildlife sarbecovirus analysis group because host-link data and zoonotic concern exist even where direct human infection is unclear or absent.","Treat the listed viruses as supporting examples inside this group rather than splitting further for now.","Named sarbecovirus example highlighted for zoonotic-potential review","Master list bat sarbecovirus example. Exact NCBI accession unresolved in this pass, so left blank rather than inferring from similarly named strains.",,,,,,,,,,,,,,,,,,,,,,,,,,,,,,,
"","Merbecovirus","Betacoronavirus","Merbecovirus","","Bat coronavirus HKU5-1","HKU5-1","","Accession unresolved in current pass","HKU5-1","supporting_tree_example","MERS-like bat merbecoviruses","keep_supporting_example","Wildlife merbecovirus isolate variant promoted from the NCBI taxonomy tree","supporting_example","Bat coronavirus HKU5-1 | HKU5-1","Subgenus Merbecovirus","https://www.ncbi.nlm.nih.gov/Taxonomy/Browser/wwwtax.cgi?command=show&mode=tree&id=2509494&lvl=3","host_link_and_zoonotic_potential_group","Retained as an active wildlife merbecovirus analysis group because host-link data and zoonotic concern exist even where direct human infection is unclear or absent.","Treat the listed viruses as supporting examples inside this group rather than splitting further for now.","Wildlife merbecovirus isolate variant promoted from the NCBI taxonomy tree","Added from the Merbecovirus taxonomy tree as a named HKU5 isolate variant. Exact NCBI nucleotide accession not pinned in this pass.",,,,,,,,,,,,,,,,,,,,,,,,,,,,,,,
"","Sarbecovirus","Betacoronavirus","Sarbecovirus","","Bat coronavirus RmYN02","RmYN02","","Partial NCBI gene accessions only","RmYN02","supporting_named_example","SARS-like bat sarbecoviruses","keep_supporting_example","Named sarbecovirus example highlighted for zoonotic-potential review","supporting_example","Bat coronavirus RmYN02 | RmYN02","Subgenus Sarbecovirus","https://ictv.global/taxonomy/taxondetails?taxnode_id=202506129&taxon_name=Sarbecovirus","host_link_and_zoonotic_potential_group","Retained as an active wildlife sarbecovirus analysis group because host-link data and zoonotic concern exist even where direct human infection is unclear or absent.","Treat the listed viruses as supporting examples inside this group rather than splitting further for now.","Named sarbecovirus example highlighted for zoonotic-potential review","Master list bat sarbecovirus example. No single clean whole-genome NCBI nucleotide accession pinned in this pass; current NCBI search returns partial gene accessions including MW201981.1 and MW201982.1.",,,,,,,,,,,,,,,,,,,,,,,,,,,,,,,
