batch_order,phase,batch_id,disease_name,entity_type,entity_name,role_assignment,assignment_confidence,evidence_basis,review_reason,source_id,source_lookup_status,source_title,authors_or_organization,year,source_type,source_url,doi,pmid,pmcid,source_access,rows_supported,reliability_note,source_check_note,candidate_row,file_name
1,Phase V,v_batch_1_west_nile_yellow_fever_dengue_plague,Dengue,vector,Aedes furcifer,sylvatic_vector,medium,review synthesis of African sylvatic isolations,Strong region-specific review support.,DEN-DIALLO-2022,matched_sources_used,Dengue vectors in Africa: A review,D. Diallo et al.,2022,review,https://pubmed.ncbi.nlm.nih.gov/35620619/,10.1016/j.heliyon.2022.e09459,35620619,—,abstract_only,*Ae. furcifer*; *Ae. luteocephalus*; *Ae. taylori*,High-value regional review for African sylvatic vectors.,verify source URL/DOI/PMID and exact evidence span before import,Dengue | vector | Aedes furcifer | sylvatic_vector | medium,PIIS2405844022007472.pdf
1,Phase V,v_batch_1_west_nile_yellow_fever_dengue_plague,Dengue,vector,Aedes hensilli,epidemic_vector,medium,outbreak-specific named vector implication,Add only if your repo accepts outbreak-specific regional epidemic vectors.,DEN-SAVAGE-1998,matched_sources_used,"Epidemic of dengue-4 virus in Yap State, Federated States of Micronesia, and implication of Aedes hensilli as an epidemic vector",H. M. Savage et al.,1998,primary outbreak study,https://pubmed.ncbi.nlm.nih.gov/9574802/,10.4269/ajtmh.1998.58.519,9574802,—,abstract_only,*Ae. hensilli*,Strong species-level outbreak paper.,verify source URL/DOI/PMID and exact evidence span before import,Dengue | vector | Aedes hensilli | epidemic_vector | medium,
1,Phase V,v_batch_1_west_nile_yellow_fever_dengue_plague,Dengue,vector,Aedes luteocephalus,sylvatic_vector,medium,review synthesis of African sylvatic isolations,Strong region-specific review support.,DEN-DIALLO-2022,matched_sources_used,Dengue vectors in Africa: A review,D. Diallo et al.,2022,review,https://pubmed.ncbi.nlm.nih.gov/35620619/,10.1016/j.heliyon.2022.e09459,35620619,—,abstract_only,*Ae. furcifer*; *Ae. luteocephalus*; *Ae. taylori*,High-value regional review for African sylvatic vectors.,verify source URL/DOI/PMID and exact evidence span before import,Dengue | vector | Aedes luteocephalus | sylvatic_vector | medium,PIIS2405844022007472.pdf
1,Phase V,v_batch_1_west_nile_yellow_fever_dengue_plague,Dengue,vector,Aedes polynesiensis,epidemic_vector,medium,historic species-level transmission paper,Old evidence but direct and still cited in later reviews.,DEN-ROSEN-1954,matched_sources_used,The transmission of dengue by Aedes polynesiensis Marks,L. Rosen et al.,1954,primary study,https://pubmed.ncbi.nlm.nih.gov/13197723/,10.4269/ajtmh.1954.3.878,13197723,—,abstract_only,*Ae. polynesiensis*,Old but canonical and still cited.,verify source URL/DOI/PMID and exact evidence span before import,Dengue | vector | Aedes polynesiensis | epidemic_vector | medium,tpmd-article-p878.pdf
1,Phase V,v_batch_1_west_nile_yellow_fever_dengue_plague,Dengue,vector,Aedes taylori,sylvatic_vector,medium,review synthesis of African sylvatic isolations,Strong region-specific review support.,DEN-DIALLO-2022,matched_sources_used,Dengue vectors in Africa: A review,D. Diallo et al.,2022,review,https://pubmed.ncbi.nlm.nih.gov/35620619/,10.1016/j.heliyon.2022.e09459,35620619,—,abstract_only,*Ae. furcifer*; *Ae. luteocephalus*; *Ae. taylori*,High-value regional review for African sylvatic vectors.,verify source URL/DOI/PMID and exact evidence span before import,Dengue | vector | Aedes taylori | sylvatic_vector | medium,PIIS2405844022007472.pdf
1,Phase V,v_batch_1_west_nile_yellow_fever_dengue_plague,Plague,host,Cynomys ludovicianus,amplifying_host,medium,species-level epizootic ecology study,"Useful named-host addition, but it is a North American epizootic-role row rather than a universal maintenance claim.",PL-SEERY-2003,matched_sources_used,Treatment of Black-Tailed Prairie Dog Burrows with Deltamethrin Dust,D. B. Seery et al.,2003,primary ecology/control study,https://academic.oup.com/jme/article/40/5/718/865008,—,—,—,full_text,*Cynomys ludovicianus*,Strong species-level amplifying-host wording.,verify source URL/DOI/PMID and exact evidence span before import,Plague | host | Cynomys ludovicianus | amplifying_host | medium,jmedent40-0718.pdf
1,Phase V,v_batch_1_west_nile_yellow_fever_dengue_plague,Plague,vector,Oropsylla hirsuta,candidate_vector,medium,species-level epizootic vector wording,Likely worth staging if your repo accepts epizootic prairie-dog vector rows.,PL-MIARINJARA-2022,matched_sources_used,Reevaluation of the Role of Blocked Oropsylla hirsuta Prairie Dog Fleas,A. Miarinjara et al.,2022,primary study,https://academic.oup.com/jme/article/59/3/1053/6563783,—,—,—,abstract_only,*O. hirsuta*,Useful for candidate vector staging in prairie-dog epizootic context.,verify source URL/DOI/PMID and exact evidence span before import,Plague | vector | Oropsylla hirsuta | candidate_vector | medium,tjac021.pdf
1,Phase V,v_batch_1_west_nile_yellow_fever_dengue_plague,Plague,vector,Oropsylla montana,primary_vector,high,official report/public-health species-level vector wording,Strong named vector support for North America.,PL-NMDOH-2013,matched_sources_used,Plague,New Mexico Department of Health,2013,state public-health report,https://www.nmhealth.org/publication/view/help/1009/,—,—,—,report_pdf,*O. montana* corroboration,Very useful named-vector wording for human plague risk in New Mexico.,multiple sources listed; verify each source supports the exact role grain,Plague | vector | Oropsylla montana | primary_vector | high,ZDP-PLG-InvestigationManual.pdf
1,Phase V,v_batch_1_west_nile_yellow_fever_dengue_plague,Plague,vector,Oropsylla montana,primary_vector,high,official report/public-health species-level vector wording,Strong named vector support for North America.,PL-USGS-2012,matched_sources_used,Plague,R. C. Abbott et al.; USGS,2012,official report,https://pubs.usgs.gov/circ/1372/pdf/C1372_Plague.pdf,—,—,—,report_pdf,*O. montana*,Valuable official review with explicit North American vector language.,multiple sources listed; verify each source supports the exact role grain,Plague | vector | Oropsylla montana | primary_vector | high,C1372_Plague.pdf
1,Phase V,v_batch_1_west_nile_yellow_fever_dengue_plague,West Nile fever,host,Turdus migratorius,amplifying_host,medium,official named-species amplifier wording,"Species-level support exists, but wording is local/regional rather than global.",WN-CDC-GUIDE-2024,matched_sources_used,West Nile Virus Surveillance and Control Guidelines,CDC,2024,technical guideline,https://www.cdc.gov/west-nile-virus/media/pdfs/2024/08/WestNileVirus-SurveillanceControlGuidelines_508-h.pdf,—,—,—,report_pdf,Turdus migratorius; Cx. quinquefasciatus; Cx. tarsalis; Cx. salinarius,High-value named-species ecology source with explicit regional caveats.,verify source URL/DOI/PMID and exact evidence span before import,West Nile fever | host | Turdus migratorius | amplifying_host | medium,WestNileVirus-SurveillanceControlGuidelines_508-h.pdf
1,Phase V,v_batch_1_west_nile_yellow_fever_dengue_plague,West Nile fever,vector,Culex quinquefasciatus,main_vector,high,official named-species regional vector wording,Strong southern-US evidence; add with geographic caveat.,WN-CDC-GUIDE-2024,matched_sources_used,West Nile Virus Surveillance and Control Guidelines,CDC,2024,technical guideline,https://www.cdc.gov/west-nile-virus/media/pdfs/2024/08/WestNileVirus-SurveillanceControlGuidelines_508-h.pdf,—,—,—,report_pdf,Turdus migratorius; Cx. quinquefasciatus; Cx. tarsalis; Cx. salinarius,High-value named-species ecology source with explicit regional caveats.,verify source URL/DOI/PMID and exact evidence span before import,West Nile fever | vector | Culex quinquefasciatus | main_vector | high,WestNileVirus-SurveillanceControlGuidelines_508-h.pdf
1,Phase V,v_batch_1_west_nile_yellow_fever_dengue_plague,West Nile fever,vector,Culex salinarius,epidemic_vector,medium,official regional vector wording,Best fit is regional epidemic/enzootic role; confirm preferred repo vocabulary.,WN-CDC-GUIDE-2024,matched_sources_used,West Nile Virus Surveillance and Control Guidelines,CDC,2024,technical guideline,https://www.cdc.gov/west-nile-virus/media/pdfs/2024/08/WestNileVirus-SurveillanceControlGuidelines_508-h.pdf,—,—,—,report_pdf,Turdus migratorius; Cx. quinquefasciatus; Cx. tarsalis; Cx. salinarius,High-value named-species ecology source with explicit regional caveats.,verify source URL/DOI/PMID and exact evidence span before import,West Nile fever | vector | Culex salinarius | epidemic_vector | medium,WestNileVirus-SurveillanceControlGuidelines_508-h.pdf
1,Phase V,v_batch_1_west_nile_yellow_fever_dengue_plague,West Nile fever,vector,Culex tarsalis,main_vector,high,official named-species regional vector wording,Strong western-US evidence; add with geographic caveat.,WN-CDC-GUIDE-2024,matched_sources_used,West Nile Virus Surveillance and Control Guidelines,CDC,2024,technical guideline,https://www.cdc.gov/west-nile-virus/media/pdfs/2024/08/WestNileVirus-SurveillanceControlGuidelines_508-h.pdf,—,—,—,report_pdf,Turdus migratorius; Cx. quinquefasciatus; Cx. tarsalis; Cx. salinarius,High-value named-species ecology source with explicit regional caveats.,verify source URL/DOI/PMID and exact evidence span before import,West Nile fever | vector | Culex tarsalis | main_vector | high,WestNileVirus-SurveillanceControlGuidelines_508-h.pdf
1,Phase V,v_batch_1_west_nile_yellow_fever_dengue_plague,Yellow fever,vector,Haemagogus janthinomys,sylvatic_vector,high,outbreak-primary named-species vector evidence,Strong South American evidence; add with Brazil/outbreak caveat.,YF-ABREU-2019,matched_sources_used,"Haemagogus leucocelaenus and Haemagogus janthinomys are the primary vectors in the major yellow fever outbreak in Brazil, 2016–2018",F. V. S. de Abreu et al.,2019,primary outbreak study,https://pubmed.ncbi.nlm.nih.gov/30866775/,10.1080/22221751.2019.1568180,30866775,PMC6455131,abstract_only,*Hg. janthinomys*; *Hg. leucocelaenus*,"High-value species-level source, but outbreak/regional.",verify source URL/DOI/PMID and exact evidence span before import,Yellow fever | vector | Haemagogus janthinomys | sylvatic_vector | high,Haemagogus leucocelaenus and Haemagogus janthinomys are the primary vectors in the major yellow fever outbreak in Brazil 2016 2018.pdf
1,Phase V,v_batch_1_west_nile_yellow_fever_dengue_plague,Yellow fever,vector,Haemagogus leucocelaenus,sylvatic_vector,high,outbreak-primary named-species vector evidence,Strong South American evidence; add with Brazil/outbreak caveat.,YF-ABREU-2019,matched_sources_used,"Haemagogus leucocelaenus and Haemagogus janthinomys are the primary vectors in the major yellow fever outbreak in Brazil, 2016–2018",F. V. S. de Abreu et al.,2019,primary outbreak study,https://pubmed.ncbi.nlm.nih.gov/30866775/,10.1080/22221751.2019.1568180,30866775,PMC6455131,abstract_only,*Hg. janthinomys*; *Hg. leucocelaenus*,"High-value species-level source, but outbreak/regional.",verify source URL/DOI/PMID and exact evidence span before import,Yellow fever | vector | Haemagogus leucocelaenus | sylvatic_vector | high,Haemagogus leucocelaenus and Haemagogus janthinomys are the primary vectors in the major yellow fever outbreak in Brazil 2016 2018.pdf
2,Phase V,v_batch_2_rvf_chikungunya_zika_vee,Chikungunya fever,vector,Aedes hensilli,epidemic_vector,medium,Primary outbreak incrimination study from Yap Island.,Add only if taxon is in roster and retain explicit outbreak-region caveat.,CHIK_S05,matched_sources_used,"Incrimination of Aedes (Stegomyia) hensilli Farner as an Epidemic Vector of Chikungunya Virus on Yap Island, Federated States of Micronesia, 2013",Harry M. Savage; Jeremy P. Ledermann; Laurence Yug; others,2015,primary_field_study,https://pmc.ncbi.nlm.nih.gov/articles/PMC4347352/,10.4269/ajtmh.14-0374,25404070,PMC4347352,full_text,Aedes hensilli,"Strong outbreak-specific field evidence, not a global vector generalisation.",verify source URL/DOI/PMID and exact evidence span before import,Chikungunya fever | vector | Aedes hensilli | epidemic_vector | medium,tpmd-article-p429.pdf
2,Phase V,v_batch_2_rvf_chikungunya_zika_vee,Rift Valley fever,host,Bos taurus,amplifying_host,medium,Peer-reviewed review explicitly names cattle as amplifying hosts.,Species-level row was previously deferred; verify full text and repo naming.,RVF_S02,matched_sources_used,Rift Valley Fever: An Emerging Mosquito-Borne Disease,Kenneth J. Linthicum; Seth C. Britch; Assaf Anyamba,2016,peer_reviewed_review,https://doi.org/10.1146/annurev-ento-010715-023819,10.1146/annurev-ento-010715-023819,none,none,abstract_only,Bos taurus; Ovis aries; Capra hircus; Camelus spp.,Strong review source; only abstract was directly accessible in this pass.,verify source URL/DOI/PMID and exact evidence span before import,Rift Valley fever | host | Bos taurus | amplifying_host | medium,linthicum2016.pdf
2,Phase V,v_batch_2_rvf_chikungunya_zika_vee,Rift Valley fever,host,Capra hircus,amplifying_host,high,Peer-reviewed review explicitly names goats as amplifying hosts.,Same as sheep.,RVF_S02,matched_sources_used,Rift Valley Fever: An Emerging Mosquito-Borne Disease,Kenneth J. Linthicum; Seth C. Britch; Assaf Anyamba,2016,peer_reviewed_review,https://doi.org/10.1146/annurev-ento-010715-023819,10.1146/annurev-ento-010715-023819,none,none,abstract_only,Bos taurus; Ovis aries; Capra hircus; Camelus spp.,Strong review source; only abstract was directly accessible in this pass.,verify source URL/DOI/PMID and exact evidence span before import,Rift Valley fever | host | Capra hircus | amplifying_host | high,linthicum2016.pdf
2,Phase V,v_batch_2_rvf_chikungunya_zika_vee,Rift Valley fever,host,Ovis aries,amplifying_host,high,Peer-reviewed review explicitly names sheep as amplifying hosts.,"Strong candidate for species-level addition, but prior repo pass was group-only.",RVF_S02,matched_sources_used,Rift Valley Fever: An Emerging Mosquito-Borne Disease,Kenneth J. Linthicum; Seth C. Britch; Assaf Anyamba,2016,peer_reviewed_review,https://doi.org/10.1146/annurev-ento-010715-023819,10.1146/annurev-ento-010715-023819,none,none,abstract_only,Bos taurus; Ovis aries; Capra hircus; Camelus spp.,Strong review source; only abstract was directly accessible in this pass.,verify source URL/DOI/PMID and exact evidence span before import,Rift Valley fever | host | Ovis aries | amplifying_host | high,linthicum2016.pdf
2,Phase V,v_batch_2_rvf_chikungunya_zika_vee,Rift Valley fever,vector,Aedes mcintoshi,enzootic_maintenance_vector,medium,Review explicitly names species as a primary floodwater vector with egg-stage maintenance context.,Confirm species is in current vector roster and decide whether vocabulary needs transovarial-specific wording.,RVF_S03,matched_sources_used,Rift Valley Fever – a Growing Threat To Humans and Animals,M. Kwaśnik; W. Rola-Łuszczak; others,2021,peer_reviewed_review,https://pmc.ncbi.nlm.nih.gov/articles/PMC8009587/,10.2478/jvetres-2021-0009,33817390,PMC8009587,full_text,Aedes mcintoshi; Culex poicilipes,"Useful species-naming review for vector role staging, but still review-level synthesis rather than single incrimination proof.",verify source URL/DOI/PMID and exact evidence span before import,Rift Valley fever | vector | Aedes mcintoshi | enzootic_maintenance_vector | medium,Rift-Valley-fever-a-growing-threat-to-humans-and-animals.pdf
2,Phase V,v_batch_2_rvf_chikungunya_zika_vee,Rift Valley fever,vector,Culex poicilipes,epidemic_vector,medium,Review explicitly names species among secondary vectors supporting outbreak spread.,Role label may alternatively need amplificatory/secondary epidemic wording.,RVF_S03,matched_sources_used,Rift Valley Fever – a Growing Threat To Humans and Animals,M. Kwaśnik; W. Rola-Łuszczak; others,2021,peer_reviewed_review,https://pmc.ncbi.nlm.nih.gov/articles/PMC8009587/,10.2478/jvetres-2021-0009,33817390,PMC8009587,full_text,Aedes mcintoshi; Culex poicilipes,"Useful species-naming review for vector role staging, but still review-level synthesis rather than single incrimination proof.",verify source URL/DOI/PMID and exact evidence span before import,Rift Valley fever | vector | Culex poicilipes | epidemic_vector | medium,Rift-Valley-fever-a-growing-threat-to-humans-and-animals.pdf
2,Phase V,v_batch_2_rvf_chikungunya_zika_vee,Venezuelan equine encephalitis,vector,Psorophora confinnis,bridge_vector,medium,Experimental bridge-vector wording plus outbreak ecological presence.,Strong candidate for addition if species is in the vector roster and bridge-vector term is accepted.,VEE_S02,matched_sources_used,"Update: Venezuelan Equine Encephalitis -- Colombia, 1995",CDC MMWR,1995,official_report,https://www.cdc.gov/mmwr/preview/mmwrhtml/00039331.htm,none,none,none,official_page,Equus caballus; Aedes taeniorhynchus; Psorophora confinnis; Homo sapiens context,Strong outbreak-specific epizootic evidence.,multiple sources listed; verify each source supports the exact role grain,Venezuelan equine encephalitis | vector | Psorophora confinnis | bridge_vector | medium,
2,Phase V,v_batch_2_rvf_chikungunya_zika_vee,Venezuelan equine encephalitis,vector,Psorophora confinnis,bridge_vector,medium,Experimental bridge-vector wording plus outbreak ecological presence.,Strong candidate for addition if species is in the vector roster and bridge-vector term is accepted.,VEE_S06,matched_sources_used,Susceptibility of Psorophora confinnis to infection with epizootic and enzootic VEE viruses,Diana I. Ortiz; Michael Anishchenko; Scott C. Weaver,2005,primary_experimental_study,https://pubmed.ncbi.nlm.nih.gov/16365999/,10.1093/jmedent/42.5.857,16365999,none,abstract_only,Psorophora confinnis,Best source in this pass for bridge-vector support.,multiple sources listed; verify each source supports the exact role grain,Venezuelan equine encephalitis | vector | Psorophora confinnis | bridge_vector | medium,ortiz2005.pdf
2,Phase V,v_batch_2_rvf_chikungunya_zika_vee,Zika virus disease,vector,Aedes hensilli,candidate_vector,low,CDC explicitly names it as a Pacific contributor.,Add only if taxon is in roster and keep Pacific-islands caveat.,ZIKA_S01,matched_sources_used,Transmission of Zika Virus,CDC,2025,official_page,https://www.cdc.gov/zika/php/transmission/index.html,none,none,none,official_page,Homo sapiens; non-human primates; sylvatic Aedes spp.; Aedes hensilli,Strong current cycle framing; species-level assignments beyond explicitly named taxa should not be inferred.,verify source URL/DOI/PMID and exact evidence span before import,Zika virus disease | vector | Aedes hensilli | candidate_vector | low,
3,Phase V,v_batch_3_cchf_tbe_sfts_oropouche,Crimean-Congo hemorrhagic fever,vector,Hyalomma anatolicum,main_vector,medium,Explicitly named competent vector/reservoir.,Confirm regional framing and preferred role label before staging.,CCHF_S2,matched_sources_used,Factsheet for health professionals about Crimean-Congo haemorrhagic fever,ECDC,2023/2024 page version,official_page,https://www.ecdc.europa.eu/en/crimean-congo-haemorrhagic-fever/facts/factsheet,,,,official_page,human row; Hyalomma genus; *H. marginatum*; *H. anatolicum*; *H. rufipes*; *H. lusitanicum*; *R. bursa* caveat,Best official species-explicit vector page I found for this batch.,verify source URL/DOI/PMID and exact evidence span before import,Crimean-Congo hemorrhagic fever | vector | Hyalomma anatolicum | main_vector | medium,
3,Phase V,v_batch_3_cchf_tbe_sfts_oropouche,Crimean-Congo hemorrhagic fever,vector,Hyalomma lusitanicum,enzootic_maintenance_vector,medium,Spain-specific circulation role stated by ECDC.,Regional/circulation wording is weaker than primary/main vector wording.,CCHF_S2,matched_sources_used,Factsheet for health professionals about Crimean-Congo haemorrhagic fever,ECDC,2023/2024 page version,official_page,https://www.ecdc.europa.eu/en/crimean-congo-haemorrhagic-fever/facts/factsheet,,,,official_page,human row; Hyalomma genus; *H. marginatum*; *H. anatolicum*; *H. rufipes*; *H. lusitanicum*; *R. bursa* caveat,Best official species-explicit vector page I found for this batch.,verify source URL/DOI/PMID and exact evidence span before import,Crimean-Congo hemorrhagic fever | vector | Hyalomma lusitanicum | enzootic_maintenance_vector | medium,
3,Phase V,v_batch_3_cchf_tbe_sfts_oropouche,Crimean-Congo hemorrhagic fever,vector,Hyalomma marginatum,main_vector,high,Explicit principal-vector language for Europe.,Species-level row appears strong but was deferred in current review.,CCHF_S2,matched_sources_used,Factsheet for health professionals about Crimean-Congo haemorrhagic fever,ECDC,2023/2024 page version,official_page,https://www.ecdc.europa.eu/en/crimean-congo-haemorrhagic-fever/facts/factsheet,,,,official_page,human row; Hyalomma genus; *H. marginatum*; *H. anatolicum*; *H. rufipes*; *H. lusitanicum*; *R. bursa* caveat,Best official species-explicit vector page I found for this batch.,verify source URL/DOI/PMID and exact evidence span before import,Crimean-Congo hemorrhagic fever | vector | Hyalomma marginatum | main_vector | high,
3,Phase V,v_batch_3_cchf_tbe_sfts_oropouche,Crimean-Congo hemorrhagic fever,vector,Hyalomma rufipes,main_vector,medium,Explicitly named competent vector/reservoir.,Confirm whether repo prefers main_vector or candidate_vector for non-European species.,CCHF_S2,matched_sources_used,Factsheet for health professionals about Crimean-Congo haemorrhagic fever,ECDC,2023/2024 page version,official_page,https://www.ecdc.europa.eu/en/crimean-congo-haemorrhagic-fever/facts/factsheet,,,,official_page,human row; Hyalomma genus; *H. marginatum*; *H. anatolicum*; *H. rufipes*; *H. lusitanicum*; *R. bursa* caveat,Best official species-explicit vector page I found for this batch.,verify source URL/DOI/PMID and exact evidence span before import,Crimean-Congo hemorrhagic fever | vector | Hyalomma rufipes | main_vector | medium,
3,Phase V,v_batch_3_cchf_tbe_sfts_oropouche,Oropouche fever,vector,Culicoides sonorensis,competent_vector_only,medium,Lab competence repeatedly supported in systematic review.,Keep explicitly experimental-only and non-natural-cycle.,ORO_S4,matched_sources_used,Vector competence for Oropouche virus: A systematic review,Gallichotte et al.,2025,peer-reviewed review,https://pubmed.ncbi.nlm.nih.gov/40305476/,10.1371/journal.pntd.0013014,40305476,PMC12043118,abstract_only,*C. sonorensis*; *Cx. quinquefasciatus* dispute,Most useful modern source for avoiding mosquito overclaiming.,verify source URL/DOI/PMID and exact evidence span before import,Oropouche fever | vector | Culicoides sonorensis | competent_vector_only | medium,journal.pntd.0013014.pdf
3,Phase V,v_batch_3_cchf_tbe_sfts_oropouche,Severe fever with thrombocytopenia syndrome (SFTS),host,Erinaceus amurensis,amplifying_host,medium,Strongest species-level vertebrate amplifier evidence found in this batch.,Region-specific; confirm preferred role label and caveat wording.,SFTS_S3,matched_sources_used,Hedgehogs as Amplifying Hosts of Severe Fever with Thrombocytopenia Syndrome Virus,Zhao et al.,2022,primary study,https://pubmed.ncbi.nlm.nih.gov/36417938/,,36417938,PMC9707592,abstract_only,*E. amurensis*; hedgehogs group,Most informative host-role paper in this pass.,verify source URL/DOI/PMID and exact evidence span before import,Severe fever with thrombocytopenia syndrome (SFTS) | host | Erinaceus amurensis | amplifying_host | medium,22-0668.pdf
3,Phase V,v_batch_3_cchf_tbe_sfts_oropouche,Severe fever with thrombocytopenia syndrome (SFTS),vector,Haemaphysalis flava,competent_vector_only,medium,Experimental competence shown.,Good candidate for evidence table and possibly assignment table if that role value exists upstream.,SFTS_S7,matched_sources_used,Haemaphysalis flava ticks as a competent vector of severe fever with thrombocytopenia syndrome virus,Fang et al.,2023,primary study,https://pubmed.ncbi.nlm.nih.gov/36599203/,,36599203,,abstract_only,*H. flava*,Good experimental species-level competence evidence.,verify source URL/DOI/PMID and exact evidence span before import,Severe fever with thrombocytopenia syndrome (SFTS) | vector | Haemaphysalis flava | competent_vector_only | medium,1-s2.0-S1877959X22002023-main.pdf
3,Phase V,v_batch_3_cchf_tbe_sfts_oropouche,Severe fever with thrombocytopenia syndrome (SFTS),vector,Ixodes sinensis,candidate_vector,medium,Experimental transmission and transovarial evidence.,"Candidate row appears justified, but not as primary vector.",SFTS_S6,matched_sources_used,Role of three tick species in the maintenance and transmission of severe fever with thrombocytopenia syndrome virus,Hu et al.,2020,primary study,https://pubmed.ncbi.nlm.nih.gov/32520966/,10.1371/journal.pntd.0008368,32520966,,abstract_only,*I. sinensis*; *I. persulcatus*; *D. silvarum*,Especially valuable because it includes both positive and negative competence results.,verify source URL/DOI/PMID and exact evidence span before import,Severe fever with thrombocytopenia syndrome (SFTS) | vector | Ixodes sinensis | candidate_vector | medium,document.pdf
3,Phase V,v_batch_3_cchf_tbe_sfts_oropouche,Tick-borne encephalitis,host,Apodemus flavicollis,reservoir_host,medium,Review names it; experimental infection supports transmission-cycle relevance.,"Good candidate, but evidence mix is review + experiment rather than direct field maintenance proof in one source.",TBE_S4,matched_sources_used,Exploring the Reservoir Hosts of Tick-Borne Encephalitis Virus,Michelitsch et al.,2019,peer-reviewed review,https://pubmed.ncbi.nlm.nih.gov/31336624/,10.3390/v11070669,31336624,PMC6669706,abstract_only,*M. glareolus*; *A. flavicollis*,Most useful species-explicit host review in this pass.,multiple sources listed; verify each source supports the exact role grain,Tick-borne encephalitis | host | Apodemus flavicollis | reservoir_host | medium,viruses-11-00669.pdf
3,Phase V,v_batch_3_cchf_tbe_sfts_oropouche,Tick-borne encephalitis,host,Apodemus flavicollis,reservoir_host,medium,Review names it; experimental infection supports transmission-cycle relevance.,"Good candidate, but evidence mix is review + experiment rather than direct field maintenance proof in one source.",TBE_S5,matched_sources_used,Infection of wild-caught wood mice (Apodemus sylvaticus) and yellow-necked mice (A. flavicollis) with tick-borne encephalitis virus,Bakker et al.,2023,primary study,https://pubmed.ncbi.nlm.nih.gov/38062065/,10.1038/s41598-023-47697-2,38062065,PMC10703896,abstract_only,*A. flavicollis*; *A. sylvaticus*,Valuable for species-level nuance; not alone enough to stage every rodent.,multiple sources listed; verify each source supports the exact role grain,Tick-borne encephalitis | host | Apodemus flavicollis | reservoir_host | medium,s41598-023-47697-2.pdf
3,Phase V,v_batch_3_cchf_tbe_sfts_oropouche,Tick-borne encephalitis,host,Myodes glareolus,reservoir_host,medium,Repeated review-based and species-explicit reservoir support.,Strong candidate species row absent from current review.,TBE_S4,matched_sources_used,Exploring the Reservoir Hosts of Tick-Borne Encephalitis Virus,Michelitsch et al.,2019,peer-reviewed review,https://pubmed.ncbi.nlm.nih.gov/31336624/,10.3390/v11070669,31336624,PMC6669706,abstract_only,*M. glareolus*; *A. flavicollis*,Most useful species-explicit host review in this pass.,verify source URL/DOI/PMID and exact evidence span before import,Tick-borne encephalitis | host | Myodes glareolus | reservoir_host | medium,viruses-11-00669.pdf
3,Phase V,v_batch_3_cchf_tbe_sfts_oropouche,Tick-borne encephalitis,vector,Dermacentor reticulatus,candidate_vector,medium,Primary study explicitly supports vector status.,Add cautiously; not a canonical pan-regional vector.,TBE_S7,matched_sources_used,Dermacentor reticulatus is a vector of tick-borne encephalitis virus,Ličková et al.,2020,primary study,https://www.sciencedirect.com/science/article/pii/S1877959X19305138,,,,abstract_only,*D. reticulatus*,Stronger than detection-only evidence.,verify source URL/DOI/PMID and exact evidence span before import,Tick-borne encephalitis | vector | Dermacentor reticulatus | candidate_vector | medium,1-s2.0-S1877959X19305138-main.pdf
3,Phase V,v_batch_3_cchf_tbe_sfts_oropouche,Tick-borne encephalitis,vector,Haemaphysalis concinna,candidate_vector,medium,"Review-based, region-specific non-core vector evidence.",Needs confirmation that roster taxon should receive an explicit candidate row.,TBE_S6,matched_sources_used,Tick-Borne Encephalitis Virus (TBEV),Mittova et al.,2024,peer-reviewed review,https://www.mdpi.com/2036-7481/15/4/174,,,,full_text,*H. concinna*,"Review-based, region-specific non-core vector support.",verify source URL/DOI/PMID and exact evidence span before import,Tick-borne encephalitis | vector | Haemaphysalis concinna | candidate_vector | medium,microbiolres-15-00174.pdf
4,Phase N,n_batch_1_ebola_sudan_marburg_nipah,Ebola virus disease,host,Gorilla gorilla,spillover_host,medium,Species-level source-animal evidence exists for documented spillover chains.,Verify whether repo vocabulary distinguishes spillover_host from incidental_host for wildlife source carcasses.,EBO5,matched_sources_used,Wave-Like Spread of Ebola Zaire; Multiple Ebola Virus Transmission Events and Rapid Decline of Central African Wildlife,"Walsh, Biek, Real; Leroy et al.",2005; 2004,primary_study / analysis,https://journals.plos.org/plosbiology/article?id=10.1371%2Fjournal.pbio.0030371; https://documentsdelivered.com/source/034/054/034054646.php,10.1371/journal.pbio.0030371; 10.1126/science.1092528,14726594,none,full_text / abstract_only,Gorilla gorilla; Pan troglodytes rows,"Strong support that great apes were source animals in documented spillover chains, not reservoirs.",verify source URL/DOI/PMID and exact evidence span before import,Ebola virus disease | host | Gorilla gorilla | spillover_host | medium,document_ebola1.pdf
4,Phase N,n_batch_1_ebola_sudan_marburg_nipah,Ebola virus disease,host,Homo sapiens,spillover_host,high,Official pages explicitly describe animal-to-human introduction before onward human transmission.,Useful as a separate ecological context row from amplification.,EBO1,matched_sources_used,Ebola disease; How Ebola Disease Spreads,WHO; CDC,2025; 2024,official_page,https://www.who.int/news-room/fact-sheets/detail/ebola-virus-disease; https://www.cdc.gov/ebola/causes/index.html,none,none,none,official_page,human spillover; human amplification; vector note,High reliability for broad transmission-cycle claims.,verify source URL/DOI/PMID and exact evidence span before import,Ebola virus disease | host | Homo sapiens | spillover_host | high,
4,Phase N,n_batch_1_ebola_sudan_marburg_nipah,Ebola virus disease,host,Pan troglodytes,spillover_host,medium,Species-level source-animal evidence exists for documented spillover chains.,Same vocabulary check as above.,EBO5,matched_sources_used,Wave-Like Spread of Ebola Zaire; Multiple Ebola Virus Transmission Events and Rapid Decline of Central African Wildlife,"Walsh, Biek, Real; Leroy et al.",2005; 2004,primary_study / analysis,https://journals.plos.org/plosbiology/article?id=10.1371%2Fjournal.pbio.0030371; https://documentsdelivered.com/source/034/054/034054646.php,10.1371/journal.pbio.0030371; 10.1126/science.1092528,14726594,none,full_text / abstract_only,Gorilla gorilla; Pan troglodytes rows,"Strong support that great apes were source animals in documented spillover chains, not reservoirs.",verify source URL/DOI/PMID and exact evidence span before import,Ebola virus disease | host | Pan troglodytes | spillover_host | medium,document_ebola1.pdf
4,Phase N,n_batch_1_ebola_sudan_marburg_nipah,Marburg virus disease,host,Chlorocebus aethiops,incidental_host,medium,Source animal for the first recognised outbreak.,Check whether repo vocabulary prefers incidental_host or spillover_host for source primates in laboratory-associated introductions.,MAR3,matched_sources_used,Marburg virus disease; History of Marburg Outbreaks,WHO; CDC,2025; 2025,official_page,https://www.who.int/csr/disease/marburg/en/; https://www.cdc.gov/marburg/outbreaks/index.html,none,none,none,official_page,Chlorocebus aethiops row,"Sufficient for historical source-animal attribution, not for reservoir inference.",verify source URL/DOI/PMID and exact evidence span before import,Marburg virus disease | host | Chlorocebus aethiops | incidental_host | medium,
4,Phase N,n_batch_1_ebola_sudan_marburg_nipah,Marburg virus disease,host,Homo sapiens,spillover_host,high,Clear zoonotic introduction from bats to people.,Useful if repo wants separate human spillover and amplifying rows.,MAR1,matched_sources_used,Marburg virus disease; About Marburg,WHO; CDC,2025; 2025,official_page,https://www.who.int/news-room/fact-sheets/detail/marburg-virus-disease; https://www.cdc.gov/marburg/about/index.html,none,none,none,official_page,human spillover; human amplification; vector note,High reliability for broad cycle description and named natural host claim.,verify source URL/DOI/PMID and exact evidence span before import,Marburg virus disease | host | Homo sapiens | spillover_host | high,
4,Phase N,n_batch_1_ebola_sudan_marburg_nipah,Nipah virus disease,host,Homo sapiens,spillover_host,high,Official sources explicitly describe animal/food-to-human infection.,Useful if repo allows both human spillover and amplification rows.,NIP1,matched_sources_used,Nipah virus; About Nipah Virus,WHO; CDC,2026; 2026,official_page,https://www.who.int/news-room/fact-sheets/detail/nipah-virus; https://www.cdc.gov/nipah-virus/about/index.html,none,none,none,official_page,human spillover; vector note,High reliability for broad cycle claims.,verify source URL/DOI/PMID and exact evidence span before import,Nipah virus disease | host | Homo sapiens | spillover_host | high,
4,Phase N,n_batch_1_ebola_sudan_marburg_nipah,Nipah virus disease,host,Pteropus hypomelanus,reservoir_host,high,Live-virus isolation and “one of the natural hosts” language.,Strong species-level row.,NIP3,matched_sources_used,Isolation of Nipah virus from Malaysian Island flying-foxes,Kaw Bing Chua et al.,2002,primary_study,https://pubmed.ncbi.nlm.nih.gov/11880045/,10.1016/S1286-4579(01)01522-2,11880045,none,abstract_only,Pteropus hypomelanus row,Strong species-level isolation evidence.,verify source URL/DOI/PMID and exact evidence span before import,Nipah virus disease | host | Pteropus hypomelanus | reservoir_host | high,1-s2.0-S1286457901015222-main.pdf
4,Phase N,n_batch_1_ebola_sudan_marburg_nipah,Nipah virus disease,host,Pteropus lylei,reservoir_host,medium,Cambodia isolate and follow-on characterisation support the species row.,Slightly more region-specific than the Malaysia and India species rows.,NIP6,matched_sources_used,"High Pathogenicity of Nipah Virus from Pteropus lylei Fruit Bats, Cambodia; Genetic characterization of Nipah virus from Thai fruit bats (Pteropus lylei)",Gaudino et al.; Wacharapluesadee et al.,2020; 2013,primary_study / peer_reviewed_article,https://pubmed.ncbi.nlm.nih.gov/31855143/; https://sciendo.com/article/10.5372/1905-7415.0706.244,10.3201/eid2601.191284; 10.5372/1905-7415.0706.244,31855143,PMC6924896,abstract_only,Pteropus lylei row,"Reasonable species support, but still verify repo policy on how many species rows to add beneath Pteropus spp.",verify source URL/DOI/PMID and exact evidence span before import,Nipah virus disease | host | Pteropus lylei | reservoir_host | medium,"19-1284.pdf, 10.5372_1905-7415.0706.244.pdf"
4,Phase N,n_batch_1_ebola_sudan_marburg_nipah,Nipah virus disease,host,Pteropus medius,reservoir_host,medium,Human-bat sequence linkage and 2019 Kerala detection/IgG.,Strong regional evidence; verify whether repo prefers species row in addition to genus row.,NIP5,matched_sources_used,"Nipah Virus Sequences from Humans and Bats during Nipah Outbreak, Kerala, India, 2018; Detection of Nipah virus in Pteropus medius in 2019 outbreak from Ernakulam district, Kerala, India",Yadav et al.; Sudeep et al.,2019; 2021,primary_study,https://wwwnc.cdc.gov/eid/article/25/5/18-1076_article; https://pubmed.ncbi.nlm.nih.gov/33563231/,10.3201/eid2505.181076; 10.1186/s12879-021-05865-7,31002049; 33563231,PMC6478210; PMC7871573,full_text / abstract_only,Pteropus medius row,Very useful India-specific species evidence.,verify source URL/DOI/PMID and exact evidence span before import,Nipah virus disease | host | Pteropus medius | reservoir_host | medium,"18-1076-1.pdf, 12879_2021_Article_5865.pdf"
4,Phase N,n_batch_1_ebola_sudan_marburg_nipah,Nipah virus disease,host,Pteropus vampyrus,reservoir_host,high,Isolation from naturally infected bats plus recrudescence evidence.,Strong species-level row.,NIP4,matched_sources_used,"Characterization of Nipah Virus from Naturally Infected Pteropus vampyrus Bats, Malaysia; Evidence for Nipah virus recrudescence and serological patterns of captive Pteropus vampyrus",Rahman et al.; Sohayati et al.,2010; 2011,primary_study,https://wwwnc.cdc.gov/eid/article/16/12/09-1790_article; https://pubmed.ncbi.nlm.nih.gov/21524339/,10.3201/eid1612.091790; 10.1017/S0950268811000550,21524339,PMC3423900,official_page / abstract_only,Pteropus vampyrus row,Strong species-level evidence.,verify source URL/DOI/PMID and exact evidence span before import,Nipah virus disease | host | Pteropus vampyrus | reservoir_host | high,"09-1790_finalD.pdf, evidence-for-nipah-virus-recrudescence-and-serological-patterns-of-captive-pteropus-vampyrus.pdf"
4,Phase N,n_batch_1_ebola_sudan_marburg_nipah,Sudan virus disease,host,Homo sapiens,spillover_host,medium,Zoonotic introduction into humans is clear even though the animal source species is unresolved.,Useful if repo permits separate spillover and amplification rows for humans.,SUD1,matched_sources_used,Sudan virus disease - Uganda,WHO,2025,official_page,https://www.who.int/emergencies/disease-outbreak-news/item/2025-DON556; https://www.who.int/southeastasia/outbreaks-and-emergencies/disease-outbreak-news/item/2025-DON566,none,none,none,official_page,human spillover; human amplification; vector note,High reliability for broad outbreak epidemiology and transmission.,verify source URL/DOI/PMID and exact evidence span before import,Sudan virus disease | host | Homo sapiens | spillover_host | medium,
5,Phase N,n_batch_2_lassa_hantaan_argentine_hf,Argentine hemorrhagic fever,host,Calomys laucha,reservoir_host,medium,"Multiple sources continue to place *C. laucha* in Junín ecology, but the signal is weaker than for *C. musculinus*.",Good manual-review candidate with explicit dispute caveat.,AHF-S3,matched_sources_used,A longitudinal study of Junin virus activity in the rodent reservoir of Argentine hemorrhagic fever,Mills JN et al.,1992,primary study,https://pubmed.ncbi.nlm.nih.gov/1335214/,10.4269/ajtmh.1992.47.749,1335214,,abstract_only,*C. musculinus*; *C. laucha*,Important primary field study showing relative strength of *C. musculinus* versus *C. laucha*.,multiple sources listed; verify each source supports the exact role grain,Argentine hemorrhagic fever | host | Calomys laucha | reservoir_host | medium,Mills-Caldern-JuninVirus-LongitudinalStudy-1992.pdf
5,Phase N,n_batch_2_lassa_hantaan_argentine_hf,Argentine hemorrhagic fever,host,Calomys laucha,reservoir_host,medium,"Multiple sources continue to place *C. laucha* in Junín ecology, but the signal is weaker than for *C. musculinus*.",Good manual-review candidate with explicit dispute caveat.,AHF-S5,matched_sources_used,Epidemiology of Argentine hemorrhagic fever,Carballal G; Videla CM; Merani MS,1988,review,https://pubmed.ncbi.nlm.nih.gov/2841151/,10.1007/BF00144764,2841151,,abstract_only,*C. laucha*; *A. azarae*,Older but still central for disputed/additional reservoir claims; should be used conservatively.,multiple sources listed; verify each source supports the exact role grain,Argentine hemorrhagic fever | host | Calomys laucha | reservoir_host | medium,
5,Phase N,n_batch_2_lassa_hantaan_argentine_hf,Argentine hemorrhagic fever,host,Calomys laucha,reservoir_host,medium,"Multiple sources continue to place *C. laucha* in Junín ecology, but the signal is weaker than for *C. musculinus*.",Good manual-review candidate with explicit dispute caveat.,AHF-S6,matched_sources_used,Junin virus: Infectious substances pathogen safety data sheet,Public Health Agency of Canada,2026,official_page,https://www.canada.ca/en/public-health/services/laboratory-biosafety-biosecurity/pathogen-safety-data-sheets-risk-assessment/junin-virus.html,,,,official_page,*C. laucha* support; vector note; detection-only guardrails,"Useful official synthesis, but not a substitute for field ecology papers.",multiple sources listed; verify each source supports the exact role grain,Argentine hemorrhagic fever | host | Calomys laucha | reservoir_host | medium,
5,Phase N,n_batch_2_lassa_hantaan_argentine_hf,Lassa fever,host,Homo sapiens,spillover_host,high,Primary human infection clearly originates from infected rodent contact/contamination.,Human row already exists in existing review as amplifying_host; curator should decide whether dual human-role rows are acceptable.,LF-S1,matched_sources_used,Lassa fever fact sheet,World Health Organization,2024,official_page,https://www.who.int/news-room/fact-sheets/detail/lassa-fever,,,,official_page,*Mastomys* genus reservoir group; human spillover; human amplifying context; vector note,High-value official transmission-cycle summary; species-limited only at genus level.,verify source URL/DOI/PMID and exact evidence span before import,Lassa fever | host | Homo sapiens | spillover_host | high,
5,Phase N,n_batch_2_lassa_hantaan_argentine_hf,Lassa fever,host,Hylomyscus pamfi,reservoir_host,medium,Primary host-switch paper plus review synthesis support a real additional-reservoir claim.,Add only with explicit regional caveat and species-level provenance.,LF-S3,matched_sources_used,New Hosts of The Lassa Virus,Olayemi A et al.,2016,primary study,https://pubmed.ncbi.nlm.nih.gov/27140942/,10.1038/srep25280,27140942,PMC4853722,full_text,*M. erythroleucus*; *H. pamfi*,Primary host-switch paper; important for additional reservoir candidates.,multiple sources listed; verify each source supports the exact role grain,Lassa fever | host | Hylomyscus pamfi | reservoir_host | medium,srep25280.pdf
5,Phase N,n_batch_2_lassa_hantaan_argentine_hf,Lassa fever,host,Hylomyscus pamfi,reservoir_host,medium,Primary host-switch paper plus review synthesis support a real additional-reservoir claim.,Add only with explicit regional caveat and species-level provenance.,LF-S4,matched_sources_used,"Systematics, Ecology, and Host Switching: Attributes Affecting Emergence of the Lassa Virus in Rodents across Western Africa",Olayemi A; Fichet-Calvet E,2020,review,https://www.mdpi.com/1999-4915/12/3/312,10.3390/v12030312,32183319,PMC7150792,full_text,Review synthesis for additional LASV rodent reservoirs,Peer-reviewed ecology review; good for conservative synthesis.,multiple sources listed; verify each source supports the exact role grain,Lassa fever | host | Hylomyscus pamfi | reservoir_host | medium,viruses-12-00312.pdf
5,Phase N,n_batch_2_lassa_hantaan_argentine_hf,Lassa fever,host,Mastomys erythroleucus,reservoir_host,medium,Primary host-switch paper plus review synthesis support a real additional-reservoir claim.,"Regional/additional reservoir, not as settled as *M. natalensis*.",LF-S3,matched_sources_used,New Hosts of The Lassa Virus,Olayemi A et al.,2016,primary study,https://pubmed.ncbi.nlm.nih.gov/27140942/,10.1038/srep25280,27140942,PMC4853722,full_text,*M. erythroleucus*; *H. pamfi*,Primary host-switch paper; important for additional reservoir candidates.,multiple sources listed; verify each source supports the exact role grain,Lassa fever | host | Mastomys erythroleucus | reservoir_host | medium,srep25280.pdf
5,Phase N,n_batch_2_lassa_hantaan_argentine_hf,Lassa fever,host,Mastomys erythroleucus,reservoir_host,medium,Primary host-switch paper plus review synthesis support a real additional-reservoir claim.,"Regional/additional reservoir, not as settled as *M. natalensis*.",LF-S4,matched_sources_used,"Systematics, Ecology, and Host Switching: Attributes Affecting Emergence of the Lassa Virus in Rodents across Western Africa",Olayemi A; Fichet-Calvet E,2020,review,https://www.mdpi.com/1999-4915/12/3/312,10.3390/v12030312,32183319,PMC7150792,full_text,Review synthesis for additional LASV rodent reservoirs,Peer-reviewed ecology review; good for conservative synthesis.,multiple sources listed; verify each source supports the exact role grain,Lassa fever | host | Mastomys erythroleucus | reservoir_host | medium,viruses-12-00312.pdf
6,Phase N,n_batch_3_h5n1_mpox,Influenza (H5N1 avian influenza),host,Bos taurus,spillover_host,medium,Avian-origin spillover into dairy cattle with onward cattle transmission during the 2024–2026 U.S. outbreak context.,"Strong enough to stage, but still outbreak-specific and not a reservoir claim.",H5N1-03,matched_sources_used,Influenza (avian and other zoonotic),WHO,2026,official public-health factsheet,https://www.who.int/news-room/fact-sheets/detail/influenza-%28avian-and-other-zoonotic%29,,,,official_page,domestic poultry; Gallus caveat; Bos taurus context; Homo sapiens,"Best current official synthesis for poultry epizootics, dairy-cattle outbreaks, and human spillover framing.",multiple sources listed; verify each source supports the exact role grain,Influenza (H5N1 avian influenza) | host | Bos taurus | spillover_host | medium,
6,Phase N,n_batch_3_h5n1_mpox,Influenza (H5N1 avian influenza),host,Bos taurus,spillover_host,medium,Avian-origin spillover into dairy cattle with onward cattle transmission during the 2024–2026 U.S. outbreak context.,"Strong enough to stage, but still outbreak-specific and not a reservoir claim.",H5N1-05,matched_sources_used,"Avian influenza A (H5N1) virus in dairy cattle: origin, evolution, and cross-species transmission",Mostafa A et al.,2024,peer-reviewed review,https://pubmed.ncbi.nlm.nih.gov/39535188/,10.1128/mbio.02542-24,39535188,,abstract_only,Bos taurus; Felis catus,Strong review for cattle outbreak ecology and cross-species spillover from infected cattle.,multiple sources listed; verify each source supports the exact role grain,Influenza (H5N1 avian influenza) | host | Bos taurus | spillover_host | medium,mostafa-et-al-2024-avian-influenza-a-(h5n1)-virus-in-dairy-cattle-origin-evolution-and-cross-species-transmission.pdf
6,Phase N,n_batch_3_h5n1_mpox,Influenza (H5N1 avian influenza),host,Bos taurus,spillover_host,medium,Avian-origin spillover into dairy cattle with onward cattle transmission during the 2024–2026 U.S. outbreak context.,"Strong enough to stage, but still outbreak-specific and not a reservoir claim.",H5N1-06,matched_sources_used,Pathogenicity and transmissibility of bovine H5N1 influenza virus,Eisfeld AJ et al.,2024,primary study,https://www.nature.com/articles/s41586-024-07766-6,10.1038/s41586-024-07766-6,38977017,,full_text,Bos taurus,Strong primary support for bovine outbreak biology and transmissibility.,multiple sources listed; verify each source supports the exact role grain,Influenza (H5N1 avian influenza) | host | Bos taurus | spillover_host | medium,s41586-024-07766-6.pdf
6,Phase N,n_batch_3_h5n1_mpox,Influenza (H5N1 avian influenza),host,Felis catus,susceptible_host_only,medium,Species-level H5N1 susceptibility and spillover/contact-animal infection are well documented.,"Add only as spillover/susceptibility, not as a reservoir or amplifier.",H5N1-05,matched_sources_used,"Avian influenza A (H5N1) virus in dairy cattle: origin, evolution, and cross-species transmission",Mostafa A et al.,2024,peer-reviewed review,https://pubmed.ncbi.nlm.nih.gov/39535188/,10.1128/mbio.02542-24,39535188,,abstract_only,Bos taurus; Felis catus,Strong review for cattle outbreak ecology and cross-species spillover from infected cattle.,multiple sources listed; verify each source supports the exact role grain,Influenza (H5N1 avian influenza) | host | Felis catus | susceptible_host_only | medium,mostafa-et-al-2024-avian-influenza-a-(h5n1)-virus-in-dairy-cattle-origin-evolution-and-cross-species-transmission.pdf
6,Phase N,n_batch_3_h5n1_mpox,Influenza (H5N1 avian influenza),host,Felis catus,susceptible_host_only,medium,Species-level H5N1 susceptibility and spillover/contact-animal infection are well documented.,"Add only as spillover/susceptibility, not as a reservoir or amplifier.",H5N1-07,matched_sources_used,Avian influenza A H5N1 infections in cats,Marschall J; Hartmann K,2008,peer-reviewed review,https://pubmed.ncbi.nlm.nih.gov/18619884/,10.1016/j.jfms.2008.03.005,18619884,,abstract_only,Felis catus,Strong species-level cat susceptibility review; does not support reservoir status.,multiple sources listed; verify each source supports the exact role grain,Influenza (H5N1 avian influenza) | host | Felis catus | susceptible_host_only | medium,marschall-hartmann-2008-avian-influenza-a-h5n1-infections-in-cats.pdf
6,Phase N,n_batch_3_h5n1_mpox,Mpox (Monkeypox),host,Cercocebus atys,spillover_host,medium,Strong 2026 field evidence for squirrel-linked spillover into wild mangabeys.,"Single natural outbreak, but directly relevant and species-level.",MPX-05,matched_sources_used,A Review of Evidence Related to the Zoonotic Characteristics of the Monkeypox Virus,Abdullah K et al.,2024,living systematic review,https://pmc.ncbi.nlm.nih.gov/articles/PMC11476936/,10.1093/ofid/ofae503,39415826,PMC11476936,full_text,reservoir uncertainty; Cercocebus atys caution; Funisciurus anerythrus caution,Particularly useful for conservative staging because it explicitly says evidence quality is poor and reservoirs remain unidentified.,multiple sources listed; verify each source supports the exact role grain,Mpox (Monkeypox) | host | Cercocebus atys | spillover_host | medium,ofae503.pdf
6,Phase N,n_batch_3_h5n1_mpox,Mpox (Monkeypox),host,Cercocebus atys,spillover_host,medium,Strong 2026 field evidence for squirrel-linked spillover into wild mangabeys.,"Single natural outbreak, but directly relevant and species-level.",MPX-10,matched_sources_used,Transmission of MPXV from fire-footed rope squirrels to sooty mangabeys,Riutord-Fe C et al.,2026,primary field study,https://www.nature.com/articles/s41586-025-10086-y,10.1038/s41586-025-10086-y,41673146,,full_text,Cercocebus atys; Funisciurus pyrropus,Most important recent field paper in this batch; directly documents natural cross-species transmission in the wild.,multiple sources listed; verify each source supports the exact role grain,Mpox (Monkeypox) | host | Cercocebus atys | spillover_host | medium,s41586-025-10086-y.pdf
6,Phase N,n_batch_3_h5n1_mpox,Mpox (Monkeypox),host,Cynomys ludovicianus,amplifying_host,medium,2003 U.S. pet-trade outbreak animal that transmitted infection onward and is experimentally transmissible.,"Label as outbreak-specific amplifier, not endemic reservoir.",MPX-02,matched_sources_used,Mpox in Animals and Pets,CDC,2023,official CDC PDF,https://stacks.cdc.gov/view/cdc/132180/cdc_132180_DS1.pdf,,,,report_pdf,small mammals; non-human primates; prairie dogs,Explicitly distinguishes asymptomatic small mammals from symptomatic non-human primates and describes the 2003 prairie-dog outbreak.,multiple sources listed; verify each source supports the exact role grain,Mpox (Monkeypox) | host | Cynomys ludovicianus | amplifying_host | medium,cdc_132180_DS1.pdf
6,Phase N,n_batch_3_h5n1_mpox,Mpox (Monkeypox),host,Cynomys ludovicianus,amplifying_host,medium,2003 U.S. pet-trade outbreak animal that transmitted infection onward and is experimentally transmissible.,"Label as outbreak-specific amplifier, not endemic reservoir.",MPX-07,matched_sources_used,The Detection of Monkeypox in Humans in the Western Hemisphere,Reed KD et al.,2004,primary outbreak study,https://pubmed.ncbi.nlm.nih.gov/14736926/,10.1056/NEJMoa032299,14736926,,abstract_only,Cynomys ludovicianus,Classic species-level prairie-dog outbreak evidence.,multiple sources listed; verify each source supports the exact role grain,Mpox (Monkeypox) | host | Cynomys ludovicianus | amplifying_host | medium,10.1056/NEJMoa032299
6,Phase N,n_batch_3_h5n1_mpox,Mpox (Monkeypox),host,Cynomys ludovicianus,amplifying_host,medium,2003 U.S. pet-trade outbreak animal that transmitted infection onward and is experimentally transmissible.,"Label as outbreak-specific amplifier, not endemic reservoir.",MPX-08,matched_sources_used,"Spectrum of Infection and Risk Factors for Human Monkeypox, United States, 2003",Reynolds MG et al.,2007,epidemiological study,https://pubmed.ncbi.nlm.nih.gov/18252104/,10.3201/eid1309.070175,18252104,,abstract_only,Cynomys ludovicianus,Strong outbreak epidemiology linking human cases to infected prairie dogs and documenting no human-to-human transmission in that outbreak.,multiple sources listed; verify each source supports the exact role grain,Mpox (Monkeypox) | host | Cynomys ludovicianus | amplifying_host | medium,07-0175_finalR.pdf
6,Phase N,n_batch_3_h5n1_mpox,Mpox (Monkeypox),host,Cynomys ludovicianus,amplifying_host,medium,2003 U.S. pet-trade outbreak animal that transmitted infection onward and is experimentally transmissible.,"Label as outbreak-specific amplifier, not endemic reservoir.",MPX-09,matched_sources_used,Monkeypox Disease Transmission in an Experimental Setting: Prairie Dog Animal Model,Hutson CL et al.,2011,experimental study,https://journals.plos.org/plosone/article?id=10.1371%2Fjournal.pone.0028295,10.1371/journal.pone.0028295,22164263,,full_text,Cynomys ludovicianus,Good support for outbreak-amplifier interpretation because it demonstrates multiple prairie-dog transmission routes.,multiple sources listed; verify each source supports the exact role grain,Mpox (Monkeypox) | host | Cynomys ludovicianus | amplifying_host | medium,mpox_dog.pdf
900,Phase V,manual_chikungunya_nhp_2026_06_03,Chikungunya fever,host,Erythrocebus patas,amplifying_host,medium,primary field serology and transmission-dynamics support,Strong species-level sylvatic-cycle support in Senegal; add with geographic and non-reservoir caveat.,CHIK-ALTHOUSE-2018,manual_local_source,Role of monkeys in the sylvatic cycle of chikungunya virus in Senegal,Althouse et al.,2018,primary field serology and transmission-dynamics study,https://doi.org/10.1038/s41467-018-03332-7,10.1038/s41467-018-03332-7,,PMC5817753,local_pdf_text,Erythrocebus patas,Species-level evidence from Senegal sylvatic-cycle study.,manual literature source check from local PDF text,Chikungunya fever | host | Erythrocebus patas | amplifying_host | medium,althouse2018_chikungunya_senegal_monkeys.pdf
900,Phase V,manual_chikungunya_nhp_2026_06_03,Chikungunya fever,host,Papio papio,amplifying_host,medium,primary field serology and transmission-dynamics support,Strong species-level sylvatic-cycle support in Senegal; add with geographic and non-reservoir caveat.,CHIK-ALTHOUSE-2018,manual_local_source,Role of monkeys in the sylvatic cycle of chikungunya virus in Senegal,Althouse et al.,2018,primary field serology and transmission-dynamics study,https://doi.org/10.1038/s41467-018-03332-7,10.1038/s41467-018-03332-7,,PMC5817753,local_pdf_text,Papio papio,Species-level evidence from Senegal sylvatic-cycle study.,manual literature source check from local PDF text,Chikungunya fever | host | Papio papio | amplifying_host | medium,althouse2018_chikungunya_senegal_monkeys.pdf
900,Phase V,manual_chikungunya_nhp_2026_06_03,Chikungunya fever,host,Macaca fascicularis,host_presence_only,low,primary post-outbreak vertebrate serology exposure evidence,Exposure evidence only; no RNA detection or amplification evidence.,CHIK-VOURCH-2014,manual_local_source,Chikungunya antibodies detected in non-human primates and rats in three Indian Ocean islands after the 2006 chikungunya outbreak,Vourc'h et al.,2014,primary vertebrate serology study,https://doi.org/10.1186/1297-9716-45-52,10.1186/1297-9716-45-52,,,local_pdf_text,Macaca fascicularis,Serology exposure evidence only; no CHIKV RNA detected.,manual literature source check from local PDF text,Chikungunya fever | host | Macaca fascicularis | host_presence_only | low,vourch2014_chikungunya_indian_ocean_primates_rats.pdf
