analysis_unit_id,readiness_disease_name,source_disease_name,disease_master_name,pathogen_species_name,pathogen_species_name_source,pathogen_taxid,pathogen_taxid_source,analysis_unit_label,family,row_type,in_master_who,priority_prototype_status,master_tier,master_guild,master_livestock_amplified,include_as_analysis_unit,modelling_scope_status,recommended_next_action,readiness_blocker,direct_vector_evidence_status,country_evidence_status,sdm_availability_status,role_assignment_status,evidence_join_status,vectored_status,generalist_status,transmission_complexity,guild,host_sdm_needed,vector_sdm_needed,host_range_rule,vector_range_rule,range_limiting_layer,transmission_rule_review_status,host_candidate_rows,roster_host_rows,roster_vector_rows,host_role_evidence_rows,vector_role_evidence_rows,host_role_assignment_rows,vector_role_assignment_rows,has_direct_vector_evidence,direct_disease_vector_rows,direct_vector_confirmed_rows,direct_vector_probable_rows,direct_vector_competence_joined_rows,genbank_distinct_countries_or_territories,genbank_records_with_country,who_don_distinct_countries,who_don_distinct_records,host_sdm_species_available,vector_sdm_species_available
master_2,Dengue,Dengue,Dengue,Orthoflavivirus denguei,source_msl39_viral_name,12637; 3052464,virion_taxid:msl39_viral_name; virion_taxid:Pathogens,Dengue virus,Flaviviridae,source_row,TRUE,both,1,D,FALSE,yes_existing_who,include,find_or_build_vector_sdm,missing_required_vector_sdm,direct_vector_evidence_present,who_don_and_genbank,missing_required_vector_sdm,reviewed_assignment_present,matched_primary_name,vectored,restricted,simple,mosquito_borne_arbovirus,no,yes,human_cases_not_range_defining,vector_sdm_primary_limiter,vector,reviewed,37,37,16,1,6,1,6,TRUE,16,8,2,15,143,53740,63,58,0,0
master_3,Zika virus disease,Zika virus disease,Zika,Orthoflavivirus zikaense,source_msl39_viral_name,3048459; 64320,virion_taxid:msl39_viral_name; virion_taxid:Pathogens,Zika virus,Flaviviridae,source_row,TRUE,both,1,D,FALSE,yes_existing_who,include,find_or_build_vector_sdm,missing_required_vector_sdm,direct_vector_evidence_present,who_don_and_genbank,missing_required_vector_sdm,reviewed_assignment_present,matched_primary_name,vectored,restricted,mixed,mosquito_borne_arbovirus,no,yes,human_cases_not_range_defining,vector_sdm_primary_limiter,vector,reviewed,18,18,56,1,3,1,3,TRUE,57,7,7,27,78,2245,33,35,0,0
master_4,Chikungunya fever,Chikungunya fever,Chikungunya,Alphavirus chikungunya,source_msl39_viral_name,3426298; 37124,virion_taxid:msl39_viral_name; virion_taxid:Pathogens,Chikungunya virus,Togaviridae,source_row,TRUE,both,1,D,FALSE,yes_existing_who,include,find_or_build_vector_sdm,missing_required_vector_sdm,direct_vector_evidence_present,who_don_and_genbank,missing_required_vector_sdm,reviewed_assignment_present,matched_primary_name,vectored,restricted,simple,mosquito_borne_arbovirus,no,yes,human_cases_not_range_defining,vector_sdm_primary_limiter,vector,reviewed,20,20,21,2,3,1,3,TRUE,21,2,7,15,115,10709,28,18,0,0
master_5,Yellow fever,Yellow fever,Yellow fever,Orthoflavivirus flavi,source_msl39_viral_name,11089; 3046277,virion_taxid:msl39_viral_name; virion_taxid:Pathogens,Yellow fever virus,Flaviviridae,source_row,TRUE,priority,1,D/E,FALSE,yes_existing_who,include,find_or_build_vector_sdm,missing_required_vector_sdm,direct_vector_evidence_present,who_don_and_genbank,missing_required_vector_sdm,reviewed_assignment_present,matched_primary_name,vectored,host_group_generalist,complex,mosquito_borne_arbovirus,optional,yes,include_reservoir_hosts_only,include_competent_vectors,host_and_vector,reviewed,23,23,30,2,6,1,6,TRUE,32,18,7,29,42,1995,38,135,0,0
master_6,West Nile fever,West Nile fever,West Nile,Orthoflavivirus nilense,source_msl39_viral_name,11082; 3048448,virion_taxid:msl39_viral_name; virion_taxid:Pathogens,West Nile virus,Flaviviridae,source_row,TRUE,prototype,1,E,FALSE,yes_existing_who,include,find_or_build_vector_sdm,missing_required_vector_sdm,direct_vector_evidence_present,who_don_and_genbank,missing_required_vector_sdm,reviewed_assignment_present,matched_primary_name,vectored,host_group_generalist,complex,mosquito_borne_arbovirus,optional,yes,host_sdm_low_value_generalist,vector_sdm_primary_limiter,vector,reviewed,186,186,75,4,6,3,5,TRUE,75,9,10,39,73,8316,6,18,0,0
master_7,Crimean-Congo hemorrhagic fever,Crimean-Congo hemorrhagic fever,CCHF,Orthonairovirus haemorrhagiae,source_pathogen,3052518,virion_taxid:matched_virus_name; virion_taxid:Pathogens; virion_taxid:Virion_VirusName,Orthonairovirus haemorrhagiae,Nairoviridae,source_row,TRUE,both,1,E,TRUE,yes_existing_who,include,find_or_build_vector_sdm,missing_required_vector_sdm,direct_vector_evidence_present,who_don_and_genbank,missing_required_vector_sdm,reviewed_assignment_present,matched_primary_name,vectored,host_group_generalist,mixed,tick_borne_pathogen,optional,yes,include_livestock_hosts,vector_sdm_primary_limiter,vector,reviewed,13,13,49,2,5,2,5,TRUE,49,16,4,30,53,5335,5,8,0,0
master_8,Rift Valley fever,Rift Valley fever,Rift Valley fever,Phlebovirus riftense,source_msl39_viral_name,3052676,virion_taxid:matched_virus_name; virion_taxid:msl39_viral_name; virion_taxid:Pathogens; virion_taxid:Virion_VirusName,Rift Valley Fever virus,Phenuiviridae,source_row,TRUE,prototype,1,C/E,TRUE,yes_existing_who,include,find_or_build_host_sdm,missing_required_host_sdm,direct_vector_evidence_present,who_don_and_genbank,missing_required_host_sdm,reviewed_assignment_present,matched_primary_name,vectored,host_group_generalist,mixed,livestock_amplified_vector_borne,yes,yes,include_primary_amplifying_host_group,include_competent_vectors,host_and_vector,reviewed,17,17,78,5,6,5,6,TRUE,88,6,33,82,33,1793,13,32,0,0
master_9,Ebola virus disease,Ebola virus disease,Ebola,Orthoebolavirus zairense,source_msl39_viral_name,186538; 3052462,virion_taxid:matched_virus_name; virion_taxid:msl39_viral_name; virion_taxid:Pathogens; virion_taxid:Virion_VirusName,Ebola virus,Filoviridae,source_row,TRUE,both,1,B,FALSE,yes_existing_who,review_before_modelling,review_or_defer_scope,scope_not_include,not_expected_non_vectored,who_don_and_genbank,sdm_not_required_or_not_model_ready,reviewed_assignment_present,matched_primary_name,non_vectored,restricted,complex,bat_reservoir_spillover,optional,no,include_reservoir_hosts_only,no_vector,mixed,needs_review,16,16,0,5,0,4,0,FALSE,0,0,0,0,16,3578,21,291,0,0
master_10,Marburg virus disease,Marburg virus disease,Marburg,Orthomarburgvirus marburgense,source_msl39_viral_name,3052505,virion_taxid:matched_virus_name; virion_taxid:msl39_viral_name; virion_taxid:Pathogens; virion_taxid:Virion_VirusName,Marburg virus,Filoviridae,source_row,TRUE,priority,1,B,FALSE,yes_existing_who,include,find_or_build_host_sdm,missing_required_host_sdm,not_expected_non_vectored,who_don_and_genbank,missing_required_host_sdm,reviewed_assignment_present,matched_primary_name,non_vectored,specialist,complex,bat_reservoir_spillover,yes,no,include_reservoir_hosts_only,no_vector,reservoir_host,reviewed,9,9,0,3,0,3,0,FALSE,0,0,0,0,16,358,17,59,0,0
master_11,Lassa fever,Lassa fever,Lassa,Mammarenavirus lassaense,source_msl39_viral_name,3052310,virion_taxid:matched_virus_name; virion_taxid:msl39_viral_name; virion_taxid:Pathogens; virion_taxid:Virion_VirusName,Lassa Fever virus,Arenaviridae,source_row,TRUE,both,1,A,FALSE,yes_existing_who,include,find_or_build_host_sdm,missing_required_host_sdm,not_expected_non_vectored,who_don_and_genbank,missing_required_host_sdm,reviewed_assignment_present,matched_primary_name,non_vectored,specialist,mixed,rodent_reservoir_direct_or_environmental,yes,no,include_reservoir_hosts_only,no_vector,reservoir_host,reviewed,14,14,0,4,0,4,0,FALSE,0,0,0,0,11,2684,10,30,0,0
master_12,Nipah virus disease,Nipah virus disease,Nipah,Henipavirus nipahense,source_msl39_viral_name,3052225,virion_taxid:matched_virus_name; virion_taxid:msl39_viral_name; virion_taxid:Pathogens; virion_taxid:Virion_VirusName,Nipah virus,Paramyxoviridae,source_row,TRUE,both,1,B,TRUE,yes_existing_who,include,find_or_build_host_sdm,missing_required_host_sdm,not_expected_non_vectored,who_don_and_genbank,missing_required_host_sdm,reviewed_assignment_present,matched_primary_name,non_vectored,restricted,mixed,bat_reservoir_spillover,yes,no,include_reservoir_hosts_only,no_vector,mixed,reviewed,16,16,0,7,0,7,0,FALSE,0,0,0,0,8,372,5,12,0,0
master_13,Hendra,Hendra,Hendra,Henipavirus hendraense,matched_pathogen_names,3052223,matched_taxids:virion,Hendra,Paramyxoviridae,,TRUE,,3,B,TRUE,yes,include,find_or_build_host_sdm,missing_required_host_sdm,not_expected_non_vectored,no_country_evidence,missing_required_host_sdm,no_role_evidence_or_assignment,unmatched_no_evidence,non_vectored,restricted,mixed,bat_reservoir_spillover,yes,no,include_reservoir_hosts_only,no_vector,mixed,reviewed,0,0,0,0,0,0,0,FALSE,0,0,0,0,0,0,0,0,0,0
master_14,Middle East Respiratory Syndrome (MERS),Middle East Respiratory Syndrome (MERS),MERS,,unresolved_or_aggregate,1335626; 3433633,virion_taxid:matched_virus_name; virion_taxid:msl39_viral_name,MERS-CoV,Coronaviridae,split_candidate,TRUE,both,1,C,TRUE,yes_existing_who,defer_broad_or_aggregate_unit,review_or_defer_scope,scope_not_include,not_expected_non_vectored,who_don_only,sdm_not_required_or_not_model_ready,no_role_evidence_or_assignment,matched_primary_name,non_vectored,restricted,mixed,livestock_primary_non_vectored,yes,no,include_livestock_hosts,no_vector,livestock_host,reviewed,0,0,0,0,0,0,0,FALSE,0,0,0,0,0,0,28,319,0,0
master_15,Mpox (Monkeypox),Mpox (Monkeypox),Mpox,Orthopoxvirus monkeypox,source_msl39_viral_name,10244; 3431483,virion_taxid:msl39_viral_name; virion_taxid:Pathogens,Monkeypox virus,Poxviridae,source_row,TRUE,both,1,B,FALSE,yes_existing_who,review_before_modelling,review_or_defer_scope,scope_not_include,not_expected_non_vectored,who_don_and_genbank,sdm_not_required_or_not_model_ready,reviewed_assignment_present,matched_primary_name,non_vectored,uncertain,mixed,direct_contact_or_bite,uncertain,no,uncertain_review,no_vector,uncertain,needs_review,20,20,0,5,0,3,0,FALSE,0,0,0,0,59,11748,28,17,0,0
master_16,Influenza (H5N1 avian influenza),Influenza (H5N1 avian influenza),Avian influenza (H5N1),Alphainfluenzavirus influenzae,source_msl39_viral_name,11320; 2955291,virion_taxid:matched_virus_name; virion_taxid:msl39_viral_name; virion_taxid:Virion_VirusName,Influenza A,Orthomyxoviridae,source_row,TRUE,both,1,C,TRUE,yes_existing_who,include,ready_for_model_spec_review,none,not_expected_non_vectored,genbank_only,required_sdms_available,reviewed_assignment_present,matched_primary_name,non_vectored,host_group_generalist,mixed,avian_reservoir_non_vectored,yes,no,include_primary_amplifying_host_group,no_vector,mixed,reviewed,538,538,0,5,0,5,0,FALSE,0,0,0,0,95,194591,0,0,1,0
master_17,Plague,Plague,Plague,Yersinia pestis,source_pathogen,632,clover_taxid:Clover_PathogenName; clover_taxid:Pathogens,Yersinia pestis,Bacteria,source_row,TRUE,priority,1,A/E,FALSE,yes_existing_who,include,find_or_build_host_sdm,missing_required_host_sdm,direct_vector_evidence_present,who_don_and_genbank,missing_required_host_sdm,reviewed_assignment_present,matched_primary_name,vectored,host_group_generalist,mixed,flea_borne_rodent_pathogen,yes,optional,include_reservoir_hosts_only,include_known_vectors_review,reservoir_host,reviewed,37,37,47,3,4,3,4,TRUE,47,38,5,47,36,152996,12,34,0,0
master_18,Oropouche fever,Oropouche fever,Oropouche,Orthobunyavirus oropoucheense,source_msl39_viral_name,3052429,virion_taxid:matched_virus_name; virion_taxid:msl39_viral_name; virion_taxid:Pathogens; virion_taxid:Virion_VirusName,Oropouche virus,Peribunyaviridae,source_row,TRUE,prototype,1,E,FALSE,yes_existing_who,review_before_modelling,review_or_defer_scope,scope_not_include,direct_vector_evidence_present,who_don_and_genbank,sdm_not_required_or_not_model_ready,reviewed_assignment_present,matched_primary_name,vectored,restricted,complex,midge_borne_arbovirus,uncertain,yes,uncertain_review,vector_sdm_primary_limiter,vector,needs_review,6,6,15,2,3,2,3,TRUE,16,1,4,16,15,3156,9,4,0,0
master_19,Hantavirus pulmonary syndrome,Hantavirus pulmonary syndrome,HCPS (hantaviruses),Orthohantavirus sinnombreense,source_msl39_viral_name,3052499; 44755,virion_taxid:matched_virus_name; virion_taxid:msl39_viral_name; virion_taxid:Pathogens; virion_taxid:Virion_VirusName,Sinnombre virus,Hantaviridae,source_row,TRUE,both,1,A,FALSE,yes_existing_who,include,find_or_build_host_sdm,missing_required_host_sdm,not_expected_non_vectored,who_don_only,missing_required_host_sdm,no_role_evidence_or_assignment,matched_primary_name,non_vectored,specialist,simple,rodent_reservoir_direct_or_environmental,yes,no,include_reservoir_hosts_only,no_vector,reservoir_host,reviewed,0,17,0,0,0,0,0,FALSE,0,0,0,0,0,0,1,2,0,0
master_20,Argentine hemorrhagic fever,Argentine hemorrhagic fever,Argentine HF (Junin),Mammarenavirus juninense,source_msl39_viral_name,2169991,virion_taxid:matched_virus_name; virion_taxid:msl39_viral_name; virion_taxid:Pathogens; virion_taxid:Virion_VirusName,Junin virus,Arenaviridae,source_row,TRUE,prototype,1,A,FALSE,yes_existing_who,include,find_or_build_host_sdm,missing_required_host_sdm,not_expected_non_vectored,genbank_only,missing_required_host_sdm,reviewed_assignment_present,matched_primary_name,non_vectored,specialist,mixed,rodent_reservoir_direct_or_environmental,yes,no,include_reservoir_hosts_only,no_vector,reservoir_host,reviewed,8,8,0,2,0,2,0,FALSE,0,0,0,0,3,178,0,0,0,0
master_22,Severe Acute Respiratory Syndrome (SARS); COVID-19,Severe Acute Respiratory Syndrome (SARS); COVID-19,Sarbecoviruses (SARS-like),,unresolved_or_aggregate,694009; 3418604,virion_taxid:matched_virus_name; virion_taxid:msl39_viral_name,SARS-like bat sarbecoviruses,Coronaviridae,split_candidate,TRUE,both,3,B,FALSE,yes_existing_who,defer_broad_or_aggregate_unit,review_or_defer_scope,scope_not_include,not_expected_non_vectored,no_country_evidence,sdm_not_required_or_not_model_ready,no_role_evidence_or_assignment,unmatched_no_evidence,non_vectored,host_group_generalist,mixed,bat_reservoir_spillover,yes,no,include_reservoir_hosts_only,no_vector,mixed,needs_review,0,0,0,0,0,0,0,FALSE,0,0,0,0,0,0,0,0,0,0
master_23,Tick-borne encephalitis,Tick-borne encephalitis,Tick-borne encephalitis,Orthoflavivirus encephalitidis,source_msl39_viral_name,11084; 3052465,virion_taxid:matched_virus_name; virion_taxid:msl39_viral_name; virion_taxid:Pathogens; virion_taxid:Virion_VirusName,Tick-borne encephalitis virus,Flaviviridae,source_row,TRUE,prototype,2,E,FALSE,yes_existing_who,include,find_or_build_vector_sdm,missing_required_vector_sdm,direct_vector_evidence_present,no_country_evidence,missing_required_vector_sdm,reviewed_assignment_present,matched_primary_name,vectored,restricted,complex,tick_borne_pathogen,optional,yes,host_sdm_low_value_generalist,vector_sdm_primary_limiter,vector,reviewed,0,84,11,4,5,3,5,TRUE,11,8,1,11,0,0,0,0,0,0
master_24,Severe fever with thrombocytopenia syndrome (SFTS),Severe fever with thrombocytopenia syndrome (SFTS),SFTS (Bandavirus),Bandavirus dabieense,source_msl39_viral_name,1933190; 2748958,virion_taxid:matched_virus_name; virion_taxid:msl39_viral_name; virion_taxid:Pathogens; virion_taxid:Virion_VirusName,SFTS virus,Phenuiviridae,source_row,TRUE,both,2,E,FALSE,yes_existing_who,review_before_modelling,review_or_defer_scope,scope_not_include,direct_vector_evidence_present,no_country_evidence,sdm_not_required_or_not_model_ready,reviewed_assignment_present,matched_primary_name,vectored,host_group_generalist,mixed,tick_borne_pathogen,optional,yes,host_sdm_low_value_generalist,include_competent_vectors,vector,needs_review,0,36,15,3,4,2,3,TRUE,15,5,1,15,0,0,0,0,1,0
master_25,Venezuelan equine encephalitis,Venezuelan equine encephalitis,VEE,Alphavirus venezuelan,source_msl39_viral_name,11036,virion_taxid:msl39_viral_name; virion_taxid:Pathogens,Venezuelan equine encephalitis virus,Togaviridae,source_row,TRUE,both,1/2,E,TRUE,yes_existing_who,review_before_modelling,review_or_defer_scope,scope_not_include,direct_vector_evidence_present,genbank_only,sdm_not_required_or_not_model_ready,reviewed_assignment_present,matched_primary_name,vectored,host_group_generalist,complex,livestock_amplified_vector_borne,yes,yes,include_primary_amplifying_host_group,include_competent_vectors,host_and_vector,needs_review,31,31,35,3,3,2,3,TRUE,43,9,12,40,19,368,0,0,0,0
master_26,Borna disease (encephalitis),Borna disease (encephalitis),Borna disease,Orthobornavirus bornaense,source_msl39_viral_name,1714619,virion_taxid:matched_virus_name; virion_taxid:msl39_viral_name; virion_taxid:Pathogens; virion_taxid:Virion_VirusName,Mammalian Bornavirus 1 (BoDV-1),Bornaviridae,source_row,TRUE,prototype,3,B,FALSE,yes_existing_who,review_before_modelling,review_or_defer_scope,scope_not_include,not_expected_non_vectored,no_country_evidence,sdm_not_required_or_not_model_ready,no_role_evidence_or_assignment,matched_primary_name,non_vectored,specialist,uncertain,small_mammal_reservoir_direct,yes,no,include_reservoir_hosts_only,no_vector,reservoir_host,needs_review,0,23,0,0,0,0,0,FALSE,0,0,0,0,0,0,0,0,0,0
master_27,Lujo hemorrhagic fever,Lujo hemorrhagic fever,Lujo HF,Mammarenavirus lujoense,source_msl39_viral_name,3052314,virion_taxid:matched_virus_name; virion_taxid:msl39_viral_name; virion_taxid:Pathogens; virion_taxid:Virion_VirusName,Lujo virus,Arenaviridae,source_row,TRUE,prototype,3,A,FALSE,yes_existing_who,review_before_modelling,review_or_defer_scope,scope_not_include,not_expected_non_vectored,no_country_evidence,sdm_not_required_or_not_model_ready,no_role_evidence_or_assignment,matched_primary_name,non_vectored,uncertain,mixed,rodent_reservoir_direct_or_environmental,uncertain,no,uncertain_review,no_vector,not_model_ready,insufficient_evidence,0,1,0,0,0,0,0,FALSE,0,0,0,0,0,0,0,0,0,0
master_28,Hepatitis E,Hepatitis E,Hepatitis E (zoonotic),Paslahepevirus balayani,source_msl39_viral_name,1678143,virion_taxid:matched_virus_name; virion_taxid:msl39_viral_name; virion_taxid:Virion_VirusName,Hepatitis E virus,Hepeviridae,source_row,TRUE,prototype,3,A,TRUE,yes_existing_who,include,curate_role_evidence,missing_role_evidence,not_expected_non_vectored,who_don_only,optional_sdms_missing,no_role_evidence_or_assignment,matched_primary_name,non_vectored,restricted,mixed,food_waterborne,optional,no,include_livestock_hosts,no_vector,human_exposure,reviewed,0,49,0,0,0,0,0,FALSE,0,0,0,0,0,0,9,12,0,0
master_31,Japanese encephalitis,Japanese encephalitis,Japanese encephalitis,Orthoflavivirus japonicum,matched_pathogen_names,11072; 3048158,matched_taxids:virion,Japanese encephalitis,Flaviviridae,,FALSE,,1,E,TRUE,yes,include,curate_direct_vector_evidence,missing_direct_vector_evidence,conceptual_vectored_no_direct_vector_evidence,who_don_only,missing_required_host_sdm,no_role_evidence_or_assignment,matched_primary_name,vectored,host_group_generalist,complex,mosquito_borne_arbovirus,yes,yes,include_primary_amplifying_host_group,include_competent_vectors,host_and_vector,reviewed,0,0,0,0,0,0,0,FALSE,0,0,0,0,0,0,4,4,0,0
master_32,Chagas (acute),Chagas (acute),Chagas (acute),Trypanosoma cruzi,matched_pathogen_names,5693,matched_taxids:clover,Chagas (acute),Trypanosoma,,FALSE,,1,E,FALSE,yes,include,curate_direct_vector_evidence,missing_direct_vector_evidence,conceptual_vectored_no_direct_vector_evidence,no_country_evidence,missing_required_vector_sdm,no_role_evidence_or_assignment,unmatched_no_evidence,vectored,host_group_generalist,mixed,triatomine_borne_parasite,optional,yes,host_sdm_low_value_generalist,include_competent_vectors,host_and_vector,reviewed,0,0,0,0,0,0,0,FALSE,0,0,0,0,0,0,0,0,0,0
master_33,Melioidosis,Melioidosis,Melioidosis,Burkholderia pseudomallei,matched_pathogen_names,28450,matched_taxids:clover,Melioidosis,Burkholderia,,FALSE,,1,env,FALSE,yes,include,curate_role_evidence,missing_role_evidence,not_expected_non_vectored,no_country_evidence,sdm_not_required_or_not_model_ready,no_role_evidence_or_assignment,unmatched_no_evidence,non_vectored,generalist,complex,environmental_spore_or_soil,no,no,no_host_sdm_for_now,no_vector,environment,reviewed,0,0,0,0,0,0,0,FALSE,0,0,0,0,0,0,0,0,0,0
master_34,Brazilian spotted fever,Brazilian spotted fever,Brazilian spotted fever,Rickettsia rickettsii,matched_pathogen_names,783,matched_taxids:clover,Brazilian spotted fever,Rickettsia,,FALSE,,1,E,FALSE,yes,review_before_modelling,review_or_defer_scope,scope_not_include,conceptual_vectored_no_direct_vector_evidence,no_country_evidence,sdm_not_required_or_not_model_ready,no_role_evidence_or_assignment,unmatched_no_evidence,vectored,host_group_generalist,complex,tick_borne_pathogen,optional,yes,include_primary_amplifying_host_group,include_competent_vectors,host_and_vector,needs_review,0,0,0,0,0,0,0,FALSE,0,0,0,0,0,0,0,0,0,0
master_35,La Crosse encephalitis,La Crosse encephalitis,La Crosse encephalitis,Orthobunyavirus lacrosseense,matched_pathogen_names,3052409,matched_taxids:virion,La Crosse encephalitis,Peribunyaviridae,,FALSE,,1,E,FALSE,yes,include,curate_direct_vector_evidence,missing_direct_vector_evidence,conceptual_vectored_no_direct_vector_evidence,no_country_evidence,missing_required_vector_sdm,no_role_evidence_or_assignment,unmatched_no_evidence,vectored,restricted,complex,mosquito_borne_arbovirus,optional,yes,include_reservoir_hosts_only,vector_sdm_primary_limiter,vector,reviewed,0,0,0,0,0,0,0,FALSE,0,0,0,0,0,0,0,0,0,0
master_36,Powassan,Powassan,Powassan,Orthoflavivirus powassanense,matched_pathogen_names,11083; 3048287,matched_taxids:virion,Powassan,Flaviviridae,,FALSE,,1,E,FALSE,yes,include,curate_direct_vector_evidence,missing_direct_vector_evidence,conceptual_vectored_no_direct_vector_evidence,no_country_evidence,missing_required_vector_sdm,no_role_evidence_or_assignment,unmatched_no_evidence,vectored,restricted,complex,tick_borne_pathogen,optional,yes,include_reservoir_hosts_only,vector_sdm_primary_limiter,vector,reviewed,0,0,0,0,0,0,0,FALSE,0,0,0,0,0,0,0,0,0,0
master_37,EEE,EEE,EEE,Eastern equine encephalitis virus,matched_pathogen_names,11021,matched_taxids:virion,EEE,Togaviridae,,FALSE,,1,E,TRUE,yes,include,curate_direct_vector_evidence,missing_direct_vector_evidence,conceptual_vectored_no_direct_vector_evidence,no_country_evidence,missing_required_vector_sdm,no_role_evidence_or_assignment,unmatched_no_evidence,vectored,host_group_generalist,complex,mosquito_borne_arbovirus,optional,yes,host_sdm_low_value_generalist,vector_sdm_primary_limiter,vector,reviewed,0,0,0,0,0,0,0,FALSE,0,0,0,0,0,0,0,0,0,0
master_38,WEE,WEE,WEE,Western equine encephalitis virus,matched_pathogen_names,11039,matched_taxids:virion,WEE,Togaviridae,,FALSE,,1,E,TRUE,yes,include,curate_direct_vector_evidence,missing_direct_vector_evidence,conceptual_vectored_no_direct_vector_evidence,no_country_evidence,missing_required_vector_sdm,no_role_evidence_or_assignment,unmatched_no_evidence,vectored,host_group_generalist,complex,mosquito_borne_arbovirus,optional,yes,host_sdm_low_value_generalist,include_competent_vectors,vector,reviewed,0,0,0,0,0,0,0,FALSE,0,0,0,0,0,0,0,0,0,0
master_39,Jamestown Canyon,Jamestown Canyon,Jamestown Canyon,Orthobunyavirus jamestownense,matched_pathogen_names,3052402,matched_taxids:virion,Jamestown Canyon,Peribunyaviridae,,FALSE,,1,E,FALSE,yes,include,curate_direct_vector_evidence,missing_direct_vector_evidence,conceptual_vectored_no_direct_vector_evidence,no_country_evidence,missing_required_vector_sdm,no_role_evidence_or_assignment,unmatched_no_evidence,vectored,host_group_generalist,complex,mosquito_borne_arbovirus,optional,yes,include_primary_amplifying_host_group,include_competent_vectors,host_and_vector,reviewed,0,0,0,0,0,0,0,FALSE,0,0,0,0,0,0,0,0,0,0
master_40,St. Louis encephalitis,St. Louis encephalitis,St. Louis encephalitis,Orthoflavivirus louisense,matched_pathogen_names,11080; 3052468,matched_taxids:virion,St. Louis encephalitis,Flaviviridae,,FALSE,,1,E,FALSE,yes,include,curate_direct_vector_evidence,missing_direct_vector_evidence,conceptual_vectored_no_direct_vector_evidence,no_country_evidence,missing_required_vector_sdm,no_role_evidence_or_assignment,unmatched_no_evidence,vectored,host_group_generalist,complex,mosquito_borne_arbovirus,optional,yes,host_sdm_low_value_generalist,vector_sdm_primary_limiter,vector,reviewed,0,0,0,0,0,0,0,FALSE,0,0,0,0,0,0,0,0,0,0
master_41,Mayaro,Mayaro,Mayaro,Alphavirus mayaro,matched_pathogen_names,3426306; 59301,matched_taxids:virion,Mayaro,Togaviridae,,FALSE,,1,E,FALSE,yes,review_before_modelling,review_or_defer_scope,scope_not_include,conceptual_vectored_no_direct_vector_evidence,no_country_evidence,sdm_not_required_or_not_model_ready,no_role_evidence_or_assignment,unmatched_no_evidence,vectored,restricted,complex,mosquito_borne_arbovirus,optional,yes,include_reservoir_hosts_only,include_known_vectors_review,host_and_vector,needs_review,0,0,0,0,0,0,0,FALSE,0,0,0,0,0,0,0,0,0,0
master_42,Zoonotic malaria (P. knowlesi),Zoonotic malaria (P. knowlesi),Zoonotic malaria (P. knowlesi),Plasmodium knowlesi,matched_pathogen_names,5850,matched_taxids:clover,Zoonotic malaria (P. knowlesi),Plasmodium,,FALSE,,1,E,FALSE,yes,include,curate_direct_vector_evidence,missing_direct_vector_evidence,conceptual_vectored_no_direct_vector_evidence,no_country_evidence,missing_required_host_sdm,no_role_evidence_or_assignment,unmatched_no_evidence,vectored,restricted,complex,mosquito_borne_parasite,yes,yes,include_reservoir_hosts_only,include_competent_vectors,host_and_vector,reviewed,0,0,0,0,0,0,0,FALSE,0,0,0,0,0,0,0,0,0,0
master_43,Anthrax,Anthrax,Anthrax,Bacillus anthracis,matched_pathogen_names,1392,matched_taxids:clover,Anthrax,Bacillus,,FALSE,,1,B/env,TRUE,yes,include,curate_role_evidence,missing_role_evidence,not_expected_non_vectored,who_don_only,optional_sdms_missing,no_role_evidence_or_assignment,matched_primary_name,non_vectored,generalist,complex,environmental_spore_or_soil,optional,no,include_livestock_hosts,no_vector,environment,reviewed,0,0,0,0,0,0,0,FALSE,0,0,0,0,0,0,5,7,0,0
master_45,O'nyong-nyong,O'nyong-nyong,O'nyong-nyong,Onyong-nyong virus,matched_pathogen_names,2169701,matched_taxids:virion,O'nyong-nyong,Togaviridae,,FALSE,,2,E,FALSE,yes,review_before_modelling,review_or_defer_scope,scope_not_include,conceptual_vectored_no_direct_vector_evidence,no_country_evidence,sdm_not_required_or_not_model_ready,no_role_evidence_or_assignment,unmatched_no_evidence,vectored,restricted,simple,mosquito_borne_arbovirus,no,yes,human_cases_not_range_defining,include_competent_vectors,vector,needs_review,0,0,0,0,0,0,0,FALSE,0,0,0,0,0,0,0,0,0,0
master_46,Scrub typhus,Scrub typhus,Scrub typhus,Orientia tsutsugamushi,matched_pathogen_names,784,matched_taxids:clover,Scrub typhus,Orientia,,FALSE,,1?,E,FALSE,yes,include,curate_direct_vector_evidence,missing_direct_vector_evidence,conceptual_vectored_no_direct_vector_evidence,no_country_evidence,missing_required_vector_sdm,no_role_evidence_or_assignment,unmatched_no_evidence,vectored,host_group_generalist,complex,mite_borne_pathogen,optional,yes,host_sdm_low_value_generalist,include_competent_vectors,vector,reviewed,0,0,0,0,0,0,0,FALSE,0,0,0,0,0,0,0,0,0,0
master_47,Ross River virus,Ross River virus,Ross River virus,Alphavirus rossriver,matched_pathogen_names,11029; 3426314,matched_taxids:virion,Ross River virus,Togaviridae,,FALSE,,2,E,FALSE,yes,include,curate_direct_vector_evidence,missing_direct_vector_evidence,conceptual_vectored_no_direct_vector_evidence,no_country_evidence,missing_required_vector_sdm,no_role_evidence_or_assignment,unmatched_no_evidence,vectored,generalist,complex,mosquito_borne_arbovirus,optional,yes,host_sdm_low_value_generalist,include_known_vectors_review,mixed,reviewed,0,0,0,0,0,0,0,FALSE,0,0,0,0,0,0,0,0,0,0
master_48,Barmah Forest virus,Barmah Forest virus,Barmah Forest virus,Alphavirus barmah,matched_pathogen_names,11020; 3426294,matched_taxids:virion,Barmah Forest virus,Togaviridae,,FALSE,,2,E,FALSE,yes,include,curate_direct_vector_evidence,missing_direct_vector_evidence,conceptual_vectored_no_direct_vector_evidence,no_country_evidence,missing_required_vector_sdm,no_role_evidence_or_assignment,unmatched_no_evidence,vectored,host_group_generalist,complex,mosquito_borne_arbovirus,optional,yes,host_sdm_low_value_generalist,include_known_vectors_review,mixed,reviewed,0,0,0,0,0,0,0,FALSE,0,0,0,0,0,0,0,0,0,0
master_49,Bartonellosis,Bartonellosis,Bartonellosis,Bartonella bacilliformis,matched_pathogen_names,774,matched_taxids:clover,Bartonellosis,Bartonella,,FALSE,,2,E,FALSE,yes,review_before_modelling,review_or_defer_scope,scope_not_include,mixed_or_uncertain_review,no_country_evidence,sdm_not_required_or_not_model_ready,no_role_evidence_or_assignment,unmatched_no_evidence,mixed_or_indirect,host_group_generalist,mixed,arthropod_borne_bacterial_aggregate,uncertain,uncertain,uncertain_review,include_known_vectors_review,not_model_ready,needs_review,0,0,0,0,0,0,0,FALSE,0,0,0,0,0,0,0,0,0,0
master_50,Murine typhus,Murine typhus,Murine typhus,Rickettsia typhi,matched_pathogen_names,785,matched_taxids:clover,Murine typhus,Rickettsia,,FALSE,,2,A,FALSE,yes,include,curate_direct_vector_evidence,missing_direct_vector_evidence,conceptual_vectored_no_direct_vector_evidence,no_country_evidence,missing_required_host_sdm,no_role_evidence_or_assignment,unmatched_no_evidence,vectored,restricted,complex,flea_borne_rodent_pathogen,yes,optional,include_reservoir_hosts_only,include_known_vectors_review,host_and_vector,reviewed,0,0,0,0,0,0,0,FALSE,0,0,0,0,0,0,0,0,0,0
master_52,Bluetongue,Bluetongue,Bluetongue,Orbivirus caerulinguae,matched_pathogen_names,3431240; 40051,matched_taxids:virion,Bluetongue,Reoviridae,,FALSE,,1,E,TRUE,yes,include,curate_direct_vector_evidence,missing_direct_vector_evidence,conceptual_vectored_no_direct_vector_evidence,no_country_evidence,missing_required_host_sdm,no_role_evidence_or_assignment,unmatched_no_evidence,vectored,host_group_generalist,complex,livestock_amplified_vector_borne,yes,yes,include_livestock_hosts,include_competent_vectors,host_and_vector,reviewed,0,0,0,0,0,0,0,FALSE,0,0,0,0,0,0,0,0,0,0
master_53,Rabies,Rabies,Rabies,Lyssavirus rabies,matched_pathogen_names,11292,matched_taxids:virion,Rabies,Lyssaviridae,,FALSE,,1,B,FALSE,yes,review_before_modelling,review_or_defer_scope,scope_not_include,not_expected_non_vectored,who_don_only,sdm_not_required_or_not_model_ready,no_role_evidence_or_assignment,matched_primary_name,non_vectored,host_group_generalist,mixed,direct_contact_or_bite,optional,no,include_reservoir_hosts_only,no_vector,reservoir_host,needs_review,0,0,0,0,0,0,0,FALSE,0,0,0,0,0,0,2,3,0,0
master_54,Lumpy skin disease,Lumpy skin disease,Lumpy skin disease,Capripoxvirus lumpyskinpox,matched_pathogen_names,3427718; 59509,matched_taxids:virion,Lumpy skin disease,Poxviridae,,FALSE,,1,E,TRUE,yes,review_before_modelling,review_or_defer_scope,scope_not_include,conceptual_vectored_no_direct_vector_evidence,no_country_evidence,sdm_not_required_or_not_model_ready,no_role_evidence_or_assignment,unmatched_no_evidence,vectored,restricted,mixed,livestock_amplified_vector_borne,yes,optional,include_livestock_hosts,include_known_vectors_review,livestock_host,needs_review,0,0,0,0,0,0,0,FALSE,0,0,0,0,0,0,0,0,0,0
master_55,Epizootic haemorrhagic disease,Epizootic haemorrhagic disease,Epizootic haemorrhagic disease,Orbivirus ruminantium,matched_pathogen_names,3431252; 40054,matched_taxids:virion,Epizootic haemorrhagic disease,Reoviridae,,FALSE,,1,E,FALSE,yes,include,curate_direct_vector_evidence,missing_direct_vector_evidence,conceptual_vectored_no_direct_vector_evidence,no_country_evidence,missing_required_host_sdm,no_role_evidence_or_assignment,unmatched_no_evidence,vectored,host_group_generalist,complex,livestock_amplified_vector_borne,yes,yes,include_primary_amplifying_host_group,include_competent_vectors,host_and_vector,reviewed,0,0,0,0,0,0,0,FALSE,0,0,0,0,0,0,0,0,0,0
master_56,African horse sickness,African horse sickness,African horse sickness,Orbivirus alphaequi,matched_pathogen_names,40050,matched_taxids:virion,African horse sickness,Reoviridae,,FALSE,,1/2,E,FALSE,yes,include,curate_direct_vector_evidence,missing_direct_vector_evidence,conceptual_vectored_no_direct_vector_evidence,no_country_evidence,missing_required_host_sdm,no_role_evidence_or_assignment,unmatched_no_evidence,vectored,restricted,complex,livestock_amplified_vector_borne,yes,yes,include_livestock_hosts,include_competent_vectors,host_and_vector,reviewed,0,0,0,0,0,0,0,FALSE,0,0,0,0,0,0,0,0,0,0
master_57,Vesicular stomatitis,Vesicular stomatitis,Vesicular stomatitis,,unresolved_or_aggregate,11276,virion_taxid:msl39_viral_name; virion_taxid:previous_name,VSIV,Rhabdoviridae,split_candidate,FALSE,prototype,1/2,E,FALSE,yes_existing_who,defer_broad_or_aggregate_unit,review_or_defer_scope,scope_not_include,mixed_or_uncertain_review,no_country_evidence,sdm_not_required_or_not_model_ready,no_role_evidence_or_assignment,unmatched_no_evidence,mixed_or_indirect,restricted,mixed,livestock_amplified_vector_borne,yes,optional,include_livestock_hosts,include_known_vectors_review,mixed,reviewed,0,0,0,0,0,0,0,FALSE,0,0,0,0,0,0,0,0,0,0
master_58,Trypanosomosis (tsetse),Trypanosomosis (tsetse),Trypanosomosis (tsetse),,unresolved_or_aggregate,,unresolved,Trypanosomosis (tsetse),Trypanosoma,,FALSE,,2/3,E,TRUE,review,review_before_modelling,review_or_defer_scope,scope_not_include,conceptual_vectored_no_direct_vector_evidence,no_country_evidence,sdm_not_required_or_not_model_ready,no_role_evidence_or_assignment,unmatched_no_evidence,vectored,host_group_generalist,complex,tsetse_borne_parasite,yes,yes,include_primary_amplifying_host_group,include_competent_vectors,host_and_vector,needs_review,0,0,0,0,0,0,0,FALSE,0,0,0,0,0,0,0,0,0,0
master_59,Theileriosis,Theileriosis,Theileriosis,,unresolved_or_aggregate,,unresolved,Theileriosis,Theileria,,FALSE,,2,E,TRUE,review,review_before_modelling,review_or_defer_scope,scope_not_include,conceptual_vectored_no_direct_vector_evidence,no_country_evidence,sdm_not_required_or_not_model_ready,no_role_evidence_or_assignment,unmatched_no_evidence,vectored,host_group_generalist,complex,tick_borne_pathogen,yes,yes,include_livestock_hosts,include_competent_vectors,host_and_vector,needs_review,0,0,0,0,0,0,0,FALSE,0,0,0,0,0,0,0,0,0,0
master_60,Tularemia,Tularemia,Tularemia,Francisella tularensis,matched_pathogen_names,263,matched_taxids:clover,Tularemia,Francisella,,FALSE,,1/2,E,FALSE,yes,include,curate_direct_vector_evidence,missing_direct_vector_evidence,mixed_or_uncertain_review,who_don_only,optional_sdms_missing,no_role_evidence_or_assignment,matched_primary_name,mixed_or_indirect,generalist,mixed,mixed_vector_environmental_zoonosis,optional,optional,include_reservoir_hosts_only,include_known_vectors_review,mixed,reviewed,0,0,0,0,0,0,0,FALSE,0,0,0,0,0,0,1,2,0,0
master_61,Leishmaniasis,Leishmaniasis,Leishmaniasis,,unresolved_or_aggregate,,unresolved,Leishmaniasis,Leishmania,,FALSE,,1/2,E,FALSE,review,review_before_modelling,review_or_defer_scope,scope_not_include,conceptual_vectored_no_direct_vector_evidence,who_don_only,sdm_not_required_or_not_model_ready,no_role_evidence_or_assignment,matched_primary_name,vectored,host_group_generalist,complex,sandfly_borne_parasite,yes,yes,include_reservoir_hosts_only,include_competent_vectors,host_and_vector,needs_review,0,0,0,0,0,0,0,FALSE,0,0,0,0,0,0,2,3,0,0
master_62,Q fever,Q fever,Q fever,Coxiella burnetii,matched_pathogen_names,777,matched_taxids:clover,Q fever,Coxiella,,FALSE,,1/2,E,TRUE,yes,include,find_or_build_host_sdm,missing_required_host_sdm,not_expected_non_vectored,no_country_evidence,missing_required_host_sdm,no_role_evidence_or_assignment,unmatched_no_evidence,non_vectored,generalist,mixed,livestock_primary_non_vectored,yes,no,include_livestock_hosts,no_vector,livestock_host,reviewed,0,0,0,0,0,0,0,FALSE,0,0,0,0,0,0,0,0,0,0
master_63,Schmallenberg,Schmallenberg,Schmallenberg,Orthobunyavirus schmallenbergense,matched_pathogen_names,159141; 159150; 3052437,matched_taxids:virion,Schmallenberg,Peribunyaviridae,,FALSE,,1,E,TRUE,yes,include,curate_direct_vector_evidence,missing_direct_vector_evidence,conceptual_vectored_no_direct_vector_evidence,no_country_evidence,missing_required_host_sdm,no_role_evidence_or_assignment,unmatched_no_evidence,vectored,host_group_generalist,complex,livestock_amplified_vector_borne,yes,yes,include_livestock_hosts,include_competent_vectors,host_and_vector,reviewed,0,0,0,0,0,0,0,FALSE,0,0,0,0,0,0,0,0,0,0
master_65,Sin Nombre,Sin Nombre,Sin Nombre,Orthohantavirus sinnombreense,matched_pathogen_names,3052499; 44755,matched_taxids:virion,Sin Nombre,Hantaviridae,,FALSE,,1/2,A,FALSE,yes,include,find_or_build_host_sdm,missing_required_host_sdm,not_expected_non_vectored,no_country_evidence,missing_required_host_sdm,no_role_evidence_or_assignment,unmatched_no_evidence,non_vectored,specialist,simple,rodent_reservoir_direct_or_environmental,yes,no,include_reservoir_hosts_only,no_vector,reservoir_host,reviewed,0,0,0,0,0,0,0,FALSE,0,0,0,0,0,0,0,0,0,0
master_66,Andes,Andes,Andes,Orthohantavirus andesense,matched_pathogen_names,1980456,matched_taxids:virion,Andes,Hantaviridae,,FALSE,,2,A,FALSE,yes,include,find_or_build_host_sdm,missing_required_host_sdm,not_expected_non_vectored,no_country_evidence,missing_required_host_sdm,no_role_evidence_or_assignment,unmatched_no_evidence,non_vectored,specialist,mixed,rodent_reservoir_direct_or_environmental,yes,no,include_reservoir_hosts_only,no_vector,reservoir_host,reviewed,0,0,0,0,0,0,0,FALSE,0,0,0,0,0,0,0,0,0,0
master_67,Prospect Hill,Prospect Hill,Prospect Hill,Orthohantavirus prospectense,matched_pathogen_names,3052492,matched_taxids:virion,Prospect Hill,Hantaviridae,,FALSE,,2,A,FALSE,yes,review_before_modelling,review_or_defer_scope,scope_not_include,not_expected_non_vectored,no_country_evidence,sdm_not_required_or_not_model_ready,no_role_evidence_or_assignment,unmatched_no_evidence,non_vectored,specialist,simple,rodent_reservoir_direct_or_environmental,yes,no,include_reservoir_hosts_only,no_vector,reservoir_host,needs_review,0,0,0,0,0,0,0,FALSE,0,0,0,0,0,0,0,0,0,0
master_68,Lee/Seoul variants,Lee/Seoul variants,Lee/Seoul variants,,unresolved_or_aggregate,,unresolved,Lee/Seoul variants,Hantaviridae,,FALSE,,2,A,FALSE,review,review_before_modelling,review_or_defer_scope,scope_not_include,not_expected_non_vectored,no_country_evidence,sdm_not_required_or_not_model_ready,no_role_evidence_or_assignment,unmatched_no_evidence,non_vectored,restricted,simple,rodent_reservoir_direct_or_environmental,yes,no,include_reservoir_hosts_only,no_vector,reservoir_host,needs_review,0,0,0,0,0,0,0,FALSE,0,0,0,0,0,0,0,0,0,0
master_69,Bayou,Bayou,Bayou,Orthohantavirus bayoui,matched_pathogen_names,3052470,matched_taxids:virion,Bayou,Hantaviridae,,FALSE,,3,A,FALSE,yes,include,find_or_build_host_sdm,missing_required_host_sdm,not_expected_non_vectored,no_country_evidence,missing_required_host_sdm,no_role_evidence_or_assignment,unmatched_no_evidence,non_vectored,specialist,simple,rodent_reservoir_direct_or_environmental,yes,no,include_reservoir_hosts_only,no_vector,reservoir_host,reviewed,0,0,0,0,0,0,0,FALSE,0,0,0,0,0,0,0,0,0,0
master_72,Machupo,Machupo,Machupo,Mammarenavirus machupoense,matched_pathogen_names,3052317,matched_taxids:virion,Machupo,Arenaviridae,,FALSE,,2,A,FALSE,yes,include,find_or_build_host_sdm,missing_required_host_sdm,not_expected_non_vectored,no_country_evidence,missing_required_host_sdm,no_role_evidence_or_assignment,unmatched_no_evidence,non_vectored,specialist,mixed,rodent_reservoir_direct_or_environmental,yes,no,include_reservoir_hosts_only,no_vector,reservoir_host,reviewed,0,0,0,0,0,0,0,FALSE,0,0,0,0,0,0,0,0,0,0
master_73,Guanarito,Guanarito,Guanarito,Mammarenavirus guanaritoense,matched_pathogen_names,3052307,matched_taxids:virion,Guanarito,Arenaviridae,,FALSE,,3,A,FALSE,yes,include,find_or_build_host_sdm,missing_required_host_sdm,not_expected_non_vectored,no_country_evidence,missing_required_host_sdm,no_role_evidence_or_assignment,unmatched_no_evidence,non_vectored,restricted,simple,rodent_reservoir_direct_or_environmental,yes,no,include_reservoir_hosts_only,no_vector,reservoir_host,reviewed,0,0,0,0,0,0,0,FALSE,0,0,0,0,0,0,0,0,0,0
master_76,Irkut,Irkut,Irkut,Lyssavirus irkut,matched_pathogen_names,249583,matched_taxids:virion,Irkut,Lyssaviridae,,FALSE,,3,B,FALSE,yes,review_before_modelling,review_or_defer_scope,scope_not_include,not_expected_non_vectored,no_country_evidence,sdm_not_required_or_not_model_ready,no_role_evidence_or_assignment,unmatched_no_evidence,non_vectored,restricted,simple,bat_reservoir_spillover,yes,no,include_reservoir_hosts_only,no_vector,reservoir_host,needs_review,0,0,0,0,0,0,0,FALSE,0,0,0,0,0,0,0,0,0,0
master_77,Bokeloh bat lyssavirus,Bokeloh bat lyssavirus,Bokeloh bat lyssavirus,Lyssavirus bokeloh,matched_pathogen_names,1072176,matched_taxids:virion,Bokeloh bat lyssavirus,Lyssaviridae,,FALSE,,3,B,FALSE,yes,review_before_modelling,review_or_defer_scope,scope_not_include,not_expected_non_vectored,no_country_evidence,sdm_not_required_or_not_model_ready,no_role_evidence_or_assignment,unmatched_no_evidence,non_vectored,specialist,simple,bat_reservoir_spillover,yes,no,include_reservoir_hosts_only,no_vector,reservoir_host,needs_review,0,0,0,0,0,0,0,FALSE,0,0,0,0,0,0,0,0,0,0
master_78,Duvenhage,Duvenhage,Duvenhage,Lyssavirus duvenhage,matched_pathogen_names,38767,matched_taxids:virion,Duvenhage,Lyssaviridae,,FALSE,,3,B,FALSE,yes,include,find_or_build_host_sdm,missing_required_host_sdm,not_expected_non_vectored,no_country_evidence,missing_required_host_sdm,no_role_evidence_or_assignment,unmatched_no_evidence,non_vectored,restricted,simple,bat_reservoir_spillover,yes,no,include_reservoir_hosts_only,no_vector,reservoir_host,reviewed,0,0,0,0,0,0,0,FALSE,0,0,0,0,0,0,0,0,0,0
master_79,Australian bat lyssavirus,Australian bat lyssavirus,Australian bat lyssavirus,Lyssavirus australis,matched_pathogen_names,90961,matched_taxids:virion,Australian bat lyssavirus,Lyssaviridae,,FALSE,,3,B,FALSE,yes,include,find_or_build_host_sdm,missing_required_host_sdm,not_expected_non_vectored,no_country_evidence,missing_required_host_sdm,no_role_evidence_or_assignment,unmatched_no_evidence,non_vectored,restricted,simple,bat_reservoir_spillover,yes,no,include_reservoir_hosts_only,no_vector,reservoir_host,reviewed,0,0,0,0,0,0,0,FALSE,0,0,0,0,0,0,0,0,0,0
master_81,Alkhurma,Alkhurma,Alkhurma,Orthoflavivirus kyasanurense,matched_pathogen_names,3048170; 33743,matched_taxids:virion,Alkhurma,Flaviviridae,,FALSE,,2,E,FALSE,yes,review_before_modelling,review_or_defer_scope,scope_not_include,mixed_or_uncertain_review,no_country_evidence,sdm_not_required_or_not_model_ready,no_role_evidence_or_assignment,unmatched_no_evidence,mixed_or_indirect,restricted,mixed,tick_borne_pathogen,optional,yes,include_livestock_hosts,include_known_vectors_review,mixed,needs_review,0,0,0,0,0,0,0,FALSE,0,0,0,0,0,0,0,0,0,0
master_82,Kyasanur Forest disease,Kyasanur Forest disease,Kyasanur Forest disease,Orthoflavivirus kyasanurense,matched_pathogen_names,3048170; 33743,matched_taxids:virion,Kyasanur Forest disease,Flaviviridae,,FALSE,,3,E,FALSE,yes,include,curate_direct_vector_evidence,missing_direct_vector_evidence,conceptual_vectored_no_direct_vector_evidence,no_country_evidence,missing_required_vector_sdm,no_role_evidence_or_assignment,unmatched_no_evidence,vectored,host_group_generalist,mixed,tick_borne_pathogen,optional,yes,include_reservoir_hosts_only,include_competent_vectors,host_and_vector,reviewed,0,0,0,0,0,0,0,FALSE,0,0,0,0,0,0,0,0,0,0
master_83,Omsk HF,Omsk HF,Omsk HF,Orthoflavivirus omskense,matched_pathogen_names,12542; 3048233,matched_taxids:virion,Omsk HF,Flaviviridae,,FALSE,,3,E,FALSE,yes,include,curate_direct_vector_evidence,missing_direct_vector_evidence,conceptual_vectored_no_direct_vector_evidence,no_country_evidence,missing_required_host_sdm,no_role_evidence_or_assignment,unmatched_no_evidence,vectored,restricted,mixed,tick_borne_pathogen,yes,yes,include_reservoir_hosts_only,include_competent_vectors,host_and_vector,reviewed,0,0,0,0,0,0,0,FALSE,0,0,0,0,0,0,0,0,0,0
master_84,Colorado tick fever,Colorado tick fever,Colorado tick fever,Coltivirus dermacentoris,matched_pathogen_names,2748762; 3428066,matched_taxids:virion,Colorado tick fever,Reoviridae,,FALSE,,2,E,FALSE,yes,include,curate_direct_vector_evidence,missing_direct_vector_evidence,conceptual_vectored_no_direct_vector_evidence,no_country_evidence,missing_required_vector_sdm,no_role_evidence_or_assignment,unmatched_no_evidence,vectored,restricted,complex,tick_borne_pathogen,optional,yes,include_reservoir_hosts_only,vector_sdm_primary_limiter,vector,reviewed,0,0,0,0,0,0,0,FALSE,0,0,0,0,0,0,0,0,0,0
master_85,Babesia microti,Babesia microti,Babesia microti,Babesia microti,matched_pathogen_names,5868,matched_taxids:clover,Babesia microti,Babesia,,FALSE,,2,E,FALSE,yes,include,curate_direct_vector_evidence,missing_direct_vector_evidence,conceptual_vectored_no_direct_vector_evidence,no_country_evidence,missing_required_host_sdm,no_role_evidence_or_assignment,unmatched_no_evidence,vectored,restricted,complex,tick_borne_pathogen,yes,yes,include_reservoir_hosts_only,include_competent_vectors,host_and_vector,reviewed,0,0,0,0,0,0,0,FALSE,0,0,0,0,0,0,0,0,0,0
master_86,Ehrlichia chaffeensis,Ehrlichia chaffeensis,Ehrlichia chaffeensis,Ehrlichia chaffeensis,matched_pathogen_names,945,matched_taxids:clover,Ehrlichia chaffeensis,Ehrlichia,,FALSE,,2,E,FALSE,yes,include,curate_direct_vector_evidence,missing_direct_vector_evidence,conceptual_vectored_no_direct_vector_evidence,no_country_evidence,missing_required_host_sdm,no_role_evidence_or_assignment,unmatched_no_evidence,vectored,restricted,complex,tick_borne_pathogen,yes,yes,include_reservoir_hosts_only,include_competent_vectors,host_and_vector,reviewed,0,0,0,0,0,0,0,FALSE,0,0,0,0,0,0,0,0,0,0
master_87,Rickettsia conorii indica,Rickettsia conorii indica,Rickettsia conorii indica,Rickettsia conorii,matched_pathogen_names,781,matched_taxids:clover,Rickettsia conorii indica,Rickettsia,,FALSE,,2,E,FALSE,yes,review_before_modelling,review_or_defer_scope,scope_not_include,conceptual_vectored_no_direct_vector_evidence,no_country_evidence,sdm_not_required_or_not_model_ready,no_role_evidence_or_assignment,unmatched_no_evidence,vectored,restricted,complex,tick_borne_pathogen,optional,yes,include_reservoir_hosts_only,include_known_vectors_review,host_and_vector,needs_review,0,0,0,0,0,0,0,FALSE,0,0,0,0,0,0,0,0,0,0
master_89,Apeu,Apeu,Apeu,,unresolved_or_aggregate,,unresolved,Apeu,Peribunyaviridae,,FALSE,,2,E,FALSE,review,review_before_modelling,review_or_defer_scope,scope_not_include,conceptual_vectored_no_direct_vector_evidence,no_country_evidence,sdm_not_required_or_not_model_ready,no_role_evidence_or_assignment,unmatched_no_evidence,vectored,uncertain,uncertain,mosquito_borne_arbovirus,uncertain,uncertain,uncertain_review,uncertain_review,not_model_ready,insufficient_evidence,0,0,0,0,0,0,0,FALSE,0,0,0,0,0,0,0,0,0,0
master_91,Murray Valley encephalitis,Murray Valley encephalitis,Murray Valley encephalitis,Orthoflavivirus murrayense,matched_pathogen_names,11079; 3048215,matched_taxids:virion,Murray Valley encephalitis,Flaviviridae,,FALSE,,2,E,FALSE,yes,include,curate_direct_vector_evidence,missing_direct_vector_evidence,conceptual_vectored_no_direct_vector_evidence,no_country_evidence,missing_required_vector_sdm,no_role_evidence_or_assignment,unmatched_no_evidence,vectored,host_group_generalist,complex,mosquito_borne_arbovirus,optional,yes,host_sdm_low_value_generalist,vector_sdm_primary_limiter,vector,reviewed,0,0,0,0,0,0,0,FALSE,0,0,0,0,0,0,0,0,0,0
master_92,Rocio,Rocio,Rocio,Orthoflavivirus ilheusense,matched_pathogen_names,3052466; 59563,matched_taxids:virion,Rocio,Flaviviridae,,FALSE,,3,E,FALSE,yes,review_before_modelling,review_or_defer_scope,scope_not_include,conceptual_vectored_no_direct_vector_evidence,no_country_evidence,sdm_not_required_or_not_model_ready,no_role_evidence_or_assignment,unmatched_no_evidence,vectored,uncertain,complex,mosquito_borne_arbovirus,uncertain,uncertain,uncertain_review,uncertain_review,not_model_ready,insufficient_evidence,0,0,0,0,0,0,0,FALSE,0,0,0,0,0,0,0,0,0,0
master_93,Everglades,Everglades,Everglades,Alphavirus everglades,matched_pathogen_names,2083198,matched_taxids:virion,Everglades,Togaviridae,,FALSE,,3,E,FALSE,yes,review_before_modelling,review_or_defer_scope,scope_not_include,conceptual_vectored_no_direct_vector_evidence,no_country_evidence,sdm_not_required_or_not_model_ready,no_role_evidence_or_assignment,unmatched_no_evidence,vectored,restricted,complex,mosquito_borne_arbovirus,yes,yes,include_reservoir_hosts_only,include_competent_vectors,host_and_vector,needs_review,0,0,0,0,0,0,0,FALSE,0,0,0,0,0,0,0,0,0,0
master_95,Baylisascaris procyonis,Baylisascaris procyonis,Baylisascaris procyonis,Baylisascaris procyonis,matched_pathogen_names,6259,matched_taxids:clover,Baylisascaris procyonis,Nematoda,,FALSE,,2,B,FALSE,yes,include,find_or_build_host_sdm,missing_required_host_sdm,not_expected_non_vectored,no_country_evidence,missing_required_host_sdm,no_role_evidence_or_assignment,unmatched_no_evidence,non_vectored,specialist,complex,environmental_spore_or_soil,yes,no,include_reservoir_hosts_only,no_vector,mixed,reviewed,0,0,0,0,0,0,0,FALSE,0,0,0,0,0,0,0,0,0,0
master_96,Leishmania aethiopica,Leishmania aethiopica,Leishmania aethiopica,Leishmania aethiopica,matched_pathogen_names,5667,matched_taxids:clover,Leishmania aethiopica,Leishmania,,FALSE,,2,E,FALSE,yes,include,curate_direct_vector_evidence,missing_direct_vector_evidence,conceptual_vectored_no_direct_vector_evidence,no_country_evidence,missing_required_host_sdm,no_role_evidence_or_assignment,unmatched_no_evidence,vectored,restricted,complex,sandfly_borne_parasite,yes,yes,include_reservoir_hosts_only,include_competent_vectors,host_and_vector,reviewed,0,0,0,0,0,0,0,FALSE,0,0,0,0,0,0,0,0,0,0
master_97,Borrelia hermsii,Borrelia hermsii,Borrelia hermsii,Borrelia hermsii,matched_pathogen_names,140,matched_taxids:clover,Borrelia hermsii,Borrelia,,FALSE,,2,E,FALSE,yes,include,curate_direct_vector_evidence,missing_direct_vector_evidence,conceptual_vectored_no_direct_vector_evidence,no_country_evidence,missing_required_host_sdm,no_role_evidence_or_assignment,unmatched_no_evidence,vectored,restricted,complex,tick_borne_pathogen,yes,yes,include_reservoir_hosts_only,include_competent_vectors,host_and_vector,reviewed,0,0,0,0,0,0,0,FALSE,0,0,0,0,0,0,0,0,0,0
master_98,Menangle,Menangle,Menangle,Pararubulavirus menangleense,matched_pathogen_names,3052599,matched_taxids:virion,Menangle,Paramyxoviridae,,FALSE,,3,B,FALSE,yes,review_before_modelling,review_or_defer_scope,scope_not_include,not_expected_non_vectored,no_country_evidence,sdm_not_required_or_not_model_ready,no_role_evidence_or_assignment,unmatched_no_evidence,non_vectored,restricted,mixed,bat_reservoir_spillover,yes,no,include_reservoir_and_amplifying_hosts,no_vector,mixed,needs_review,0,0,0,0,0,0,0,FALSE,0,0,0,0,0,0,0,0,0,0
who_18,Influenza (H7N9 avian influenza),Influenza (H7N9 avian influenza),,Alphainfluenzavirus influenzae,source_msl39_viral_name,11320; 2955291,virion_taxid:matched_virus_name; virion_taxid:msl39_viral_name; virion_taxid:Virion_VirusName,Influenza A (H7N9),Orthomyxoviridae,manual_addition,TRUE,priority,,,,yes_existing_who,include,curate_role_evidence,missing_role_evidence,not_expected_non_vectored,who_don_only,required_sdms_available,no_role_evidence_or_assignment,matched_primary_name,non_vectored,host_group_generalist,mixed,avian_reservoir_non_vectored,yes,no,include_livestock_hosts,no_vector,livestock_host,reviewed,0,538,0,0,0,0,0,FALSE,0,0,0,0,0,0,3,133,1,0
who_37,Sudan virus disease (Ebola virus disease),Sudan virus disease (Ebola virus disease),,Orthoebolavirus sudanense,source_msl39_viral_name,186540; 3052460,virion_taxid:matched_virus_name; virion_taxid:msl39_viral_name; virion_taxid:Pathogens; virion_taxid:Virion_VirusName,Sudan ebolavirus,Filoviridae,source_row,TRUE,priority,,,,yes_existing_who,review_before_modelling,review_or_defer_scope,scope_not_include,not_expected_non_vectored,who_don_and_genbank,sdm_not_required_or_not_model_ready,reviewed_assignment_present,matched_primary_name,non_vectored,restricted,complex,bat_reservoir_spillover,optional,no,include_reservoir_hosts_only,no_vector,mixed,needs_review,1,1,0,2,0,1,0,FALSE,0,0,0,0,4,150,2,10,0,0
who_8,Hemorrhagic fever with renal syndrome (Hantaan virus),Hemorrhagic fever with renal syndrome (Hantaan virus),,Orthohantavirus hantanense,source_msl39_viral_name,3052480,virion_taxid:matched_virus_name; virion_taxid:msl39_viral_name; virion_taxid:Pathogens; virion_taxid:Virion_VirusName,Hantaan orthohantavirus,Hantaviridae,source_row,TRUE,priority,,,,yes_existing_who,include,find_or_build_host_sdm,missing_required_host_sdm,not_expected_non_vectored,genbank_only,missing_required_host_sdm,reviewed_assignment_present,matched_primary_name,non_vectored,specialist,simple,rodent_reservoir_direct_or_environmental,yes,no,include_reservoir_hosts_only,no_vector,reservoir_host,reviewed,21,21,0,2,0,2,0,FALSE,0,0,0,0,5,2064,0,0,0,0
who_30,Reovirus infection (usually mild),Reovirus infection (usually mild),,Orthoreovirus mammalis,source_msl39_viral_name,,unresolved,Mammalian orthoreovirus,Spinareoviridae,source_row,TRUE,prototype,,,,review,review_before_modelling,review_or_defer_scope,scope_not_include,not_expected_non_vectored,no_country_evidence,sdm_not_required_or_not_model_ready,no_role_evidence_or_assignment,unmatched_no_evidence,non_vectored,generalist,uncertain,direct_or_environmental_non_vectored,no,no,host_sdm_low_value_generalist,no_vector,not_model_ready,insufficient_evidence,0,0,0,0,0,0,0,FALSE,0,0,0,0,0,0,0,0,0,0
who_27,Non-typhoidal salmonellosis,Non-typhoidal salmonellosis,,Salmonella enterica non typhoidal serovars,source_pathogen,28901,clover_taxid:Pathogens,Salmonella enterica non typhoidal serovars,Bacteria,source_row,TRUE,priority,,,,review,review_before_modelling,review_or_defer_scope,scope_not_include,not_expected_non_vectored,no_country_evidence,sdm_not_required_or_not_model_ready,no_role_evidence_or_assignment,unmatched_no_evidence,non_vectored,generalist,mixed,food_waterborne,optional,no,host_sdm_low_value_generalist,no_vector,human_exposure,reviewed,0,0,0,0,0,0,0,FALSE,0,0,0,0,0,0,0,0,0,0
